고객번호,kmeans_cluster_by4
1,3
2,3
3,3
4,3
5,2
6,0
9,0
10,1
11,1
14,3
15,0
17,0
18,2
20,3
22,1
23,3
24,1
26,1
29,0
31,1
32,0
34,2
35,3
36,3
37,0
39,3
40,3
41,1
44,3
46,0
47,2
48,3
49,3
50,3
51,1
52,0
53,1
54,3
56,0
57,3
58,3
59,0
60,3
61,3
62,1
63,3
64,2
65,3
68,1
71,1
73,2
74,1
75,3
76,3
77,3
83,3
84,1
86,0
88,1
89,1
91,3
96,1
97,0
99,3
100,0
102,3
105,3
107,0
109,3
110,1
113,0
114,2
115,2
116,3
118,0
119,3
120,3
125,2
127,0
128,1
130,2
131,3
132,2
135,3
136,2
138,0
139,0
144,3
146,3
147,3
149,1
150,2
151,3
153,1
155,3
159,1
160,3
162,3
165,3
166,3
167,0
168,3
170,3
172,3
173,3
174,3
176,3
177,1
179,3
180,3
182,0
183,3
184,2
185,0
186,3
189,0
190,3
192,0
194,1
196,3
198,0
199,3
200,2
201,0
203,3
205,3
208,2
209,0
212,3
214,0
219,0
224,3
225,1
226,3
229,0
230,0
231,1
232,3
235,3
238,1
239,3
240,1
247,1
248,0
250,0
252,2
254,3
255,3
256,0
259,2
260,2
261,1
262,1
265,3
266,0
267,3
268,1
269,1
270,3
271,2
273,0
276,3
277,3
278,3
279,1
280,2
283,3
286,0
287,3
289,3
292,3
295,0
296,2
297,3
298,3
299,0
300,3
301,3
302,3
305,3
307,1
308,2
309,3
310,0
311,1
312,3
318,3
321,0
323,1
325,3
326,0
327,0
328,3
329,1
331,3
334,3
335,3
337,3
338,3
340,3
341,3
344,1
345,3
347,1
348,3
349,1
351,2
352,3
353,1
354,3
355,3
356,0
357,3
359,1
363,3
364,1
365,1
368,3
369,0
372,3
374,0
375,3
377,3
380,2
381,3
382,1
383,3
385,1
387,3
388,0
390,0
391,3
393,0
394,3
396,3
399,3
401,1
405,2
407,3
408,1
409,2
411,0
412,1
414,3
416,3
417,3
419,2
420,3
422,3
423,0
425,0
426,0
429,2
432,2
433,1
435,3
436,0
438,2
440,1
443,0
448,3
450,3
451,1
453,3
455,3
457,3
459,1
460,2
461,3
462,0
464,3
465,0
466,0
467,3
468,3
469,1
471,3
474,3
477,3
478,3
479,0
481,0
485,0
486,3
488,3
491,3
492,2
493,3
494,1
496,3
497,0
500,3
501,3
502,0
504,2
505,3
506,1
507,3
508,3
509,1
510,3
511,3
515,3
516,3
517,3
518,3
520,1
522,3
523,3
524,3
526,0
527,0
529,0
530,0
531,0
538,3
540,0
542,1
544,1
546,0
547,3
549,3
551,1
552,1
553,3
554,2
556,3
557,2
558,1
559,3
560,0
562,2
564,2
565,3
566,1
567,0
569,1
570,3
574,2
575,3
576,3
578,3
579,3
582,2
583,3
584,1
586,3
587,0
588,2
589,3
592,3
596,3
597,3
601,0
603,2
604,1
605,3
606,2
610,3
611,1
612,2
614,2
615,3
616,3
619,3
620,3
622,2
624,3
628,3
630,1
631,3
635,2
638,1
640,0
642,3
643,3
644,3
645,0
646,3
648,0
655,1
657,3
658,3
660,3
661,1
668,2
669,2
670,3
671,3
673,3
674,1
676,1
677,3
679,3
680,0
681,3
682,3
683,2
686,3
687,2
689,1
690,1
691,3
693,3
695,0
696,3
697,1
698,3
699,2
700,3
703,3
705,3
706,0
707,3
709,3
710,1
711,3
715,3
718,3
720,3
723,3
726,3
729,3
730,1
731,3
732,0
733,3
735,3
736,3
740,1
741,1
742,3
743,0
746,0
747,0
749,2
754,2
756,2
758,3
759,2
760,1
762,1
763,3
764,3
766,1
767,3
769,1
770,0
771,3
772,0
773,3
777,1
778,1
780,0
781,2
785,3
787,3
788,3
789,0
790,1
791,2
793,2
794,3
797,3
799,3
800,3
801,0
802,1
803,3
804,3
807,3
808,3
809,1
810,3
813,3
815,2
816,0
819,3
826,1
828,2
830,0
832,3
833,3
835,1
837,3
838,0
840,0
841,0
844,0
845,3
846,3
847,3
849,0
850,1
851,2
852,3
856,3
857,0
863,2
864,0
865,1
868,1
869,3
870,1
872,1
873,0
874,3
875,1
877,3
878,0
879,3
882,0
883,3
884,3
887,3
888,3
889,1
890,0
893,1
894,0
896,3
897,0
905,2
907,0
908,0
911,1
912,3
913,0
918,3
921,3
922,3
923,1
924,0
928,1
929,0
935,0
936,0
939,0
942,3
945,1
946,0
947,3
952,1
953,2
954,1
955,0
960,2
961,3
962,3
963,0
964,1
965,3
966,1
967,3
969,3
970,3
971,3
974,1
975,3
976,1
978,1
983,0
984,3
985,2
988,2
989,2
990,3
992,3
993,0
994,0
995,3
997,2
998,0
1000,3
1005,0
1008,3
1009,1
1013,2
1015,1
1016,3
1017,3
1018,0
1019,1
1022,1
1025,3
1026,1
1027,0
1029,0
1031,3
1033,0
1035,2
1036,3
1037,2
1038,1
1039,0
1040,0
1042,3
1044,0
1045,0
1046,0
1047,2
1048,3
1049,2
1052,1
1053,3
1054,2
1057,3
1058,3
1059,1
1061,3
1065,1
1066,3
1068,1
1069,3
1072,1
1073,0
1075,3
1077,0
1078,3
1079,2
1080,3
1084,1
1085,3
1089,3
1090,1
1091,0
1094,0
1098,0
1099,3
1101,2
1102,2
1104,3
1105,3
1107,3
1108,3
1109,2
1110,3
1113,3
1114,0
1117,0
1121,0
1122,3
1123,2
1124,0
1126,0
1129,0
1130,3
1132,3
1133,0
1137,1
1138,0
1139,3
1140,3
1141,3
1142,3
1143,0
1144,0
1145,3
1146,3
1147,1
1148,1
1150,0
1152,2
1153,2
1156,2
1157,0
1162,3
1163,0
1164,1
1165,0
1173,2
1176,3
1177,1
1178,2
1180,0
1183,0
1185,3
1186,3
1187,3
1192,2
1194,3
1195,3
1200,1
1202,3
1205,1
1208,3
1209,1
1211,3
1212,3
1214,3
1216,3
1219,0
1220,3
1222,2
1224,3
1225,3
1226,0
1228,3
1230,0
1231,3
1232,3
1233,0
1236,0
1237,1
1238,3
1239,3
1240,3
1241,1
1243,2
1244,3
1245,3
1246,1
1248,0
1252,3
1255,3
1257,0
1258,3
1261,3
1262,3
1263,3
1264,1
1266,0
1267,0
1271,3
1273,3
1274,3
1275,0
1276,0
1281,3
1285,2
1287,0
1288,0
1289,2
1291,3
1292,0
1294,3
1295,0
1296,3
1299,0
1302,1
1303,1
1308,0
1309,2
1310,2
1312,1
1321,3
1323,2
1329,1
1331,2
1334,3
1335,1
1337,3
1338,1
1340,3
1344,3
1346,0
1347,2
1348,3
1349,0
1351,3
1352,1
1356,3
1357,1
1358,0
1359,3
1361,1
1363,1
1366,3
1367,3
1372,1
1373,0
1375,3
1379,0
1382,0
1383,2
1385,1
1387,1
1388,1
1391,3
1392,3
1394,0
1395,0
1396,0
1397,3
1398,2
1401,3
1403,0
1405,3
1406,1
1408,3
1409,3
1411,0
1413,3
1415,0
1417,3
1418,1
1419,3
1421,3
1423,1
1424,3
1425,2
1428,1
1432,3
1433,2
1434,0
1435,3
1437,3
1438,0
1440,3
1442,2
1444,0
1447,3
1448,2
1450,3
1454,3
1455,3
1456,0
1458,2
1459,3
1461,0
1467,1
1468,3
1472,1
1473,2
1476,1
1477,0
1478,0
1479,0
1480,1
1481,3
1482,0
1484,3
1485,0
1486,1
1488,3
1489,3
1490,0
1491,0
1492,3
1494,2
1499,0
1501,3
1502,2
1503,1
1504,3
1505,0
1509,3
1510,0
1511,1
1513,3
1514,0
1515,1
1516,0
1517,0
1518,2
1519,2
1520,3
1521,2
1523,0
1528,1
1530,3
1533,2
1534,2
1535,3
1536,0
1537,0
1541,0
1543,3
1546,3
1547,3
1554,3
1557,0
1558,1
1559,3
1560,3
1561,0
1562,1
1563,0
1566,2
1568,1
1573,3
1574,0
1575,0
1576,0
1577,0
1578,2
1580,3
1582,1
1584,1
1585,2
1586,3
1587,1
1591,0
1592,0
1593,1
1594,3
1597,3
1599,3
1601,3
1603,3
1604,1
1605,0
1606,0
1607,2
1609,2
1610,1
1612,3
1615,3
1616,3
1621,3
1624,2
1626,1
1627,3
1630,0
1633,3
1634,0
1637,1
1638,0
1639,3
1641,3
1642,3
1645,3
1647,2
1651,2
1652,3
1653,0
1654,3
1655,3
1656,2
1657,3
1658,0
1659,3
1662,3
1664,2
1665,1
1667,3
1668,0
1669,1
1670,1
1674,1
1677,3
1678,3
1681,0
1682,2
1683,3
1684,0
1685,1
1686,0
1688,3
1689,2
1691,2
1693,3
1696,3
1697,3
1699,0
1700,0
1702,0
1705,1
1706,3
1707,0
1710,1
1711,0
1713,1
1714,3
1715,3
1716,1
1717,2
1719,3
1720,3
1721,3
1722,3
1724,3
1725,1
1726,1
1727,0
1728,0
1731,0
1732,3
1733,3
1734,1
1736,1
1742,3
1746,2
1747,0
1750,1
1752,2
1753,0
1756,3
1757,3
1759,0
1760,0
1761,3
1764,1
1765,3
1770,3
1771,3
1774,3
1776,0
1777,2
1780,0
1781,1
1783,2
1784,3
1785,2
1786,0
1789,3
1791,3
1792,0
1795,2
1796,1
1798,1
1800,3
1802,0
1807,1
1808,3
1809,3
1810,3
1812,3
1813,3
1814,3
1815,2
1816,0
1818,1
1821,2
1823,3
1825,3
1828,0
1829,3
1832,3
1834,3
1835,2
1836,3
1837,3
1838,1
1843,3
1844,3
1848,3
1850,3
1852,2
1855,3
1857,0
1859,3
1861,0
1862,1
1864,3
1865,3
1867,3
1870,3
1872,0
1874,1
1876,0
1877,0
1879,3
1880,3
1881,3
1882,0
1884,3
1885,1
1886,1
1891,3
1892,0
1894,3
1895,2
1896,0
1898,0
1899,3
1901,3
1902,3
1903,3
1905,1
1907,0
1908,0
1909,1
1911,0
1913,3
1914,0
1916,3
1917,3
1918,3
1920,3
1923,3
1924,1
1925,0
1926,3
1928,3
1930,1
1932,3
1933,3
1934,3
1936,2
1937,2
1941,1
1942,3
1944,3
1945,0
1946,1
1948,3
1953,0
1954,0
1963,3
1964,1
1968,1
1969,1
1970,0
1973,3
1974,0
1976,0
1977,1
1980,1
1981,3
1984,2
1985,0
1987,3
1988,0
1989,0
1990,3
1991,3
1993,3
1995,3
1996,3
2000,3
2001,3
2002,0
2003,3
2004,2
2006,0
2007,1
2008,2
2009,3
2010,0
2011,1
2012,3
2014,3
2015,3
2017,0
2019,3
2021,3
2023,0
2026,1
2027,2
2029,3
2033,3
2034,1
2035,1
2036,0
2037,3
2040,3
2042,2
2043,2
2045,0
2048,1
2049,3
2050,3
2052,0
2053,0
2054,0
2056,1
2057,3
2058,2
2059,2
2060,0
2062,2
2064,0
2066,2
2068,0
2069,3
2070,3
2073,1
2075,0
2078,2
2079,3
2081,3
2083,2
2084,3
2088,3
2089,1
2090,1
2091,3
2092,3
2093,0
2095,1
2097,0
2098,3
2099,3
2102,3
2103,1
2104,3
2105,0
2108,2
2110,3
2111,0
2113,3
2114,1
2115,0
2116,3
2117,3
2118,3
2120,3
2121,0
2122,0
2123,3
2125,3
2126,3
2127,2
2128,0
2129,3
2134,0
2137,0
2138,3
2139,1
2144,0
2145,0
2146,3
2148,3
2150,2
2154,3
2156,2
2157,3
2158,3
2159,3
2163,1
2165,3
2169,3
2171,1
2173,3
2177,0
2184,0
2186,1
2187,0
2190,0
2192,0
2195,1
2196,0
2197,1
2198,3
2201,3
2202,0
2203,1
2205,3
2206,0
2208,3
2209,2
2210,2
2213,1
2214,3
2215,3
2216,3
2217,3
2218,3
2219,0
2220,3
2221,3
2223,0
2225,3
2227,1
2228,3
2230,3
2232,0
2233,3
2234,3
2235,0
2237,3
2239,3
2240,3
2241,3
2242,3
2243,2
2248,0
2251,0
2252,2
2259,1
2260,3
2261,1
2262,1
2263,2
2266,3
2271,2
2272,1
2274,0
2278,2
2280,3
2284,1
2285,3
2289,3
2290,0
2291,0
2294,1
2295,3
2296,0
2297,3
2304,1
2305,2
2306,3
2310,0
2311,3
2313,3
2315,3
2317,2
2319,1
2320,3
2322,3
2325,0
2328,2
2329,1
2330,0
2331,3
2333,3
2335,1
2337,0
2338,3
2340,0
2343,3
2347,3
2349,3
2351,1
2356,1
2357,3
2361,3
2362,3
2364,2
2365,0
2367,2
2368,1
2370,3
2371,0
2373,1
2374,1
2375,3
2376,2
2382,3
2383,0
2385,3
2386,0
2387,3
2388,2
2389,3
2390,2
2393,0
2394,2
2398,1
2402,0
2403,3
2404,3
2409,1
2412,0
2413,0
2414,0
2416,0
2417,2
2418,3
2422,0
2425,3
2427,3
2428,1
2429,3
2430,3
2433,1
2434,0
2437,3
2439,2
2440,3
2441,3
2443,1
2444,3
2446,3
2449,3
2450,3
2451,1
2454,3
2455,3
2457,0
2458,3
2461,3
2462,0
2463,1
2468,3
2470,2
2471,2
2472,3
2476,2
2477,1
2478,3
2479,1
2480,0
2481,0
2484,3
2486,0
2487,0
2488,1
2490,1
2493,3
2494,3
2495,2
2496,1
2498,0
2499,0
2502,0
2503,1
2504,3
2507,1
2509,0
2520,3
2521,1
2523,3
2524,3
2534,3
2536,2
2538,3
2539,1
2540,3
2541,0
2544,0
2547,1
2548,3
2550,1
2551,2
2552,3
2556,3
2558,2
2559,0
2560,0
2561,0
2562,3
2565,1
2566,0
2569,2
2570,2
2572,3
2573,3
2574,3
2575,0
2576,3
2580,1
2581,2
2582,3
2583,3
2585,3
2586,3
2587,1
2588,1
2589,0
2591,3
2593,3
2595,1
2596,1
2598,0
2600,2
2601,1
2602,1
2603,3
2604,3
2605,3
2606,3
2608,0
2612,0
2614,3
2615,3
2617,0
2619,3
2620,3
2622,1
2623,3
2624,0
2625,0
2626,3
2627,2
2631,0
2632,3
2633,2
2634,0
2638,2
2639,1
2641,0
2642,3
2643,3
2645,3
2646,3
2649,3
2652,1
2653,0
2654,0
2655,0
2657,3
2659,1
2660,1
2661,3
2663,3
2664,3
2665,3
2666,1
2667,2
2671,0
2672,3
2673,0
2674,3
2677,0
2678,3
2679,3
2680,3
2681,3
2682,2
2685,1
2686,2
2687,3
2688,3
2690,3
2691,3
2693,1
2697,3
2700,3
2705,3
2706,3
2707,3
2708,1
2709,0
2715,3
2716,3
2717,3
2721,2
2722,0
2723,3
2724,0
2726,1
2727,3
2729,0
2730,3
2731,3
2732,0
2735,1
2737,0
2741,1
2742,3
2745,0
2747,3
2748,2
2751,1
2753,3
2754,1
2755,3
2756,1
2757,3
2759,3
2760,1
2763,3
2766,3
2767,3
2768,1
2770,3
2771,3
2773,3
2775,3
2778,1
2780,0
2781,0
2782,1
2783,1
2786,3
2787,1
2789,3
2791,3
2793,1
2795,2
2798,0
2799,3
2800,3
2802,3
2804,3
2805,1
2806,0
2807,1
2808,1
2810,0
2814,3
2816,3
2817,0
2820,1
2821,3
2823,1
2824,1
2827,3
2828,0
2832,0
2833,2
2834,0
2836,3
2837,1
2843,1
2845,2
2846,1
2848,3
2850,3
2851,3
2852,3
2855,3
2856,1
2859,3
2862,3
2864,3
2867,2
2868,1
2870,0
2871,0
2874,2
2878,0
2884,3
2887,3
2890,3
2891,3
2895,3
2898,3
2903,3
2916,2
2920,3
2923,0
2924,2
2925,1
2927,3
2931,1
2932,3
2933,0
2934,3
2936,1
2937,3
2941,3
2942,0
2943,3
2944,3
2947,0
2948,3
2949,3
2951,0
2953,3
2956,3
2958,3
2959,0
2960,3
2964,0
2965,3
2967,3
2970,3
2973,1
2975,3
2978,1
2979,3
2980,3
2981,1
2983,2
2985,3
2986,0
2990,3
2992,0
2995,3
2996,0
2997,0
2998,3
2999,0
3000,3
3001,0
3002,1
3005,1
3006,3
3007,2
3008,0
3009,1
3010,3
3011,2
3012,1
3013,3
3014,3
3016,1
3020,3
3021,1
3022,3
3025,3
3026,3
3027,0
3029,1
3033,0
3034,3
3036,2
3039,3
3040,3
3041,3
3042,0
3043,1
3045,1
3047,0
3048,1
3051,3
3052,3
3053,3
3055,3
3058,3
3060,2
3061,2
3062,3
3063,2
3064,1
3066,3
3069,3
3070,0
3074,1
3076,3
3077,3
3078,0
3081,0
3082,3
3083,2
3085,3
3086,3
3087,3
3090,0
3091,0
3092,3
3094,0
3095,3
3098,0
3099,1
3100,3
3102,0
3103,2
3104,0
3105,0
3108,3
3109,3
3110,0
3111,1
3112,0
3114,1
3115,2
3116,0
3117,3
3119,2
3120,0
3123,2
3124,3
3126,3
3128,3
3131,0
3132,0
3136,3
3140,3
3141,3
3142,2
3143,3
3149,3
3151,1
3153,3
3155,0
3157,3
3159,0
3161,0
3163,3
3164,1
3173,3
3176,3
3177,3
3178,0
3179,3
3181,2
3183,0
3184,1
3185,3
3188,3
3190,3
3192,3
3195,0
3196,3
3197,2
3203,3
3204,1
3205,0
3206,3
3207,3
3208,3
3210,0
3212,0
3213,1
3214,3
3215,0
3216,3
3217,1
3218,3
3222,1
3224,2
3225,3
3227,1
3228,1
3229,0
3231,3
3232,1
3239,2
3242,3
3243,1
3246,1
3247,3
3248,3
3249,3
3251,3
3252,3
3253,0
3256,1
3257,3
3258,3
3260,1
3261,3
3265,3
3266,3
3267,0
3268,1
3272,3
3276,3
3278,1
3280,3
3284,3
3286,3
3287,3
3288,2
3293,2
3294,3
3295,3
3296,2
3299,1
3301,2
3302,0
3303,3
3305,1
3306,2
3307,3
3309,1
3311,3
3314,3
3316,0
3317,3
3318,0
3322,1
3323,3
3324,3
3325,3
3326,3
3327,3
3328,3
3329,3
3330,3
3332,0
3333,3
3334,3
3337,3
3338,3
3340,3
3341,3
3342,3
3343,1
3344,3
3351,3
3352,3
3354,0
3355,0
3356,3
3357,2
3358,0
3359,3
3361,3
3362,0
3364,2
3365,0
3367,3
3368,1
3369,0
3371,3
3372,0
3373,0
3374,3
3375,0
3376,3
3377,3
3378,1
3379,3
3380,3
3384,1
3385,2
3388,0
3391,3
3392,3
3393,0
3395,0
3398,3
3399,0
3401,0
3402,3
3404,3
3405,3
3406,3
3408,2
3409,3
3410,3
3412,3
3414,1
3415,3
3416,0
3418,3
3419,3
3420,3
3423,2
3424,1
3427,1
3428,0
3429,2
3434,3
3435,0
3437,2
3439,2
3440,1
3442,2
3443,3
3444,2
3446,1
3447,3
3448,3
3449,3
3450,2
3453,3
3454,0
3457,1
3458,3
3459,3
3460,0
3461,3
3462,2
3464,3
3465,0
3466,0
3467,3
3469,1
3471,1
3473,2
3477,3
3481,1
3482,1
3483,3
3485,2
3487,1
3488,3
3489,1
3490,3
3492,1
3496,3
3497,0
3500,3
3502,3
3504,0
3505,0
3506,2
3508,0
3509,2
3510,0
3511,1
3512,3
3514,3
3517,3
3518,0
3520,2
3521,3
3522,3
3524,3
3525,3
3526,1
3528,3
3529,1
3530,3
3535,3
3539,3
3540,3
3541,0
3544,3
3545,2
3548,0
3549,3
3551,3
3553,0
3554,3
3555,2
3557,0
3558,0
3560,3
3562,0
3563,3
3565,3
3566,3
3567,0
3572,1
3574,1
3576,3
3579,3
3580,0
3584,3
3586,3
3588,1
3590,3
3591,1
3594,3
3595,3
3596,3
3600,1
3601,3
3602,0
3604,3
3606,2
3609,0
3610,2
3614,1
3617,0
3618,3
3620,1
3621,3
3623,2
3624,0
3625,2
3627,1
3628,3
3631,2
3632,1
3633,3
3634,2
3635,3
3636,3
3638,3
3641,0
3644,3
3646,1
3652,1
3653,3
3654,0
3655,3
3656,3
3657,0
3658,2
3659,3
3660,0
3661,0
3662,0
3668,3
3669,3
3673,3
3675,3
3676,3
3677,1
3681,1
3682,3
3683,1
3685,3
3686,0
3688,3
3692,3
3693,1
3694,3
3695,0
3697,0
3698,0
3699,3
3700,3
3701,1
3702,2
3704,1
3705,0
3706,3
3707,3
3708,0
3709,2
3710,2
3711,0
3714,2
3715,1
3716,2
3721,2
3722,1
3724,3
3725,3
3726,3
3728,3
3729,2
3731,3
3732,1
3733,3
3735,0
3737,3
3739,3
3740,3
3743,0
3744,1
3745,2
3746,3
3747,1
3748,3
3749,0
3753,3
3755,3
3759,3
3760,1
3764,3
3765,3
3768,3
3771,0
3772,3
3773,2
3775,3
3777,1
3780,2
3781,3
3789,3
3791,1
3792,1
3794,1
3795,3
3796,0
3797,1
3798,3
3800,3
3801,1
3803,3
3806,0
3807,0
3809,3
3811,1
3812,3
3813,3
3816,1
3821,3
3823,0
3824,0
3826,3
3827,0
3828,3
3830,2
3832,0
3833,3
3834,2
3835,0
3836,1
3837,1
3838,3
3839,1
3840,0
3841,1
3842,3
3849,3
3851,1
3852,3
3855,1
3856,2
3857,0
3860,3
3861,3
3863,1
3865,0
3866,0
3868,2
3869,3
3871,3
3872,3
3873,1
3875,1
3876,1
3877,0
3879,0
3880,3
3889,3
3891,1
3892,3
3893,1
3894,0
3896,1
3899,0
3903,1
3906,3
3907,0
3908,3
3909,3
3911,2
3912,3
3916,1
3917,3
3919,3
3922,3
3923,3
3925,1
3928,3
3930,1
3932,1
3933,1
3934,0
3935,2
3936,3
3937,3
3938,0
3940,3
3941,3
3942,3
3945,3
3948,1
3951,1
3954,0
3959,1
3960,1
3961,3
3962,3
3967,3
3968,1
3970,0
3972,0
3975,3
3978,2
3980,2
3984,3
3988,3
3990,3
3992,0
3993,2
3994,0
3995,3
3999,1
4001,3
4005,1
4006,0
4011,3
4012,3
4015,3
4018,1
4019,3
4020,3
4023,1
4024,1
4026,3
4028,0
4030,3
4032,3
4033,0
4041,2
4042,3
4043,0
4045,1
4048,3
4049,2
4050,3
4051,2
4052,3
4054,0
4055,0
4058,1
4060,0
4062,3
4063,3
4064,3
4065,0
4067,0
4068,2
4069,3
4073,0
4074,0
4075,3
4080,0
4088,3
4090,2
4091,0
4092,3
4094,2
4095,0
4096,3
4097,2
4099,3
4100,3
4101,3
4103,3
4104,0
4105,3
4106,1
4107,3
4109,0
4110,3
4111,3
4114,0
4120,2
4121,3
4122,1
4124,3
4126,3
4130,3
4131,3
4133,0
4134,3
4136,1
4138,3
4141,3
4142,2
4144,2
4145,3
4147,2
4150,3
4152,1
4153,1
4155,2
4156,0
4157,1
4158,3
4159,3
4160,2
4162,2
4164,3
4166,2
4167,0
4169,3
4172,0
4174,1
4175,2
4176,2
4178,0
4179,3
4180,3
4181,3
4182,3
4187,2
4193,3
4197,0
4198,3
4199,3
4201,2
4206,3
4209,1
4211,3
4215,0
4221,3
4224,0
4225,1
4226,1
4227,1
4228,0
4229,1
4231,1
4232,3
4233,2
4235,3
4238,0
4240,3
4242,3
4244,0
4245,3
4246,3
4247,3
4251,3
4252,3
4255,0
4256,3
4259,3
4262,1
4263,0
4265,3
4266,3
4269,3
4270,1
4271,3
4277,0
4278,3
4279,2
4281,0
4287,3
4289,3
4290,0
4293,0
4295,0
4296,3
4297,1
4298,1
4300,3
4301,1
4304,3
4305,3
4306,3
4309,3
4310,3
4311,0
4313,3
4315,3
4316,3
4318,0
4319,0
4328,1
4331,3
4333,3
4335,3
4336,0
4338,1
4339,3
4340,3
4341,0
4342,2
4343,2
4344,0
4346,3
4348,0
4350,1
4351,3
4356,1
4357,3
4358,2
4359,3
4360,1
4361,0
4362,3
4367,3
4368,1
4369,0
4371,2
4374,1
4378,3
4380,0
4382,1
4383,3
4385,2
4387,3
4388,1
4389,0
4390,2
4392,3
4394,3
4397,2
4400,2
4405,3
4408,3
4410,1
4411,3
4412,3
4416,1
4418,3
4419,3
4420,0
4421,0
4426,1
4427,2
4431,3
4432,3
4433,0
4435,0
4436,3
4439,0
4441,2
4445,3
4446,1
4449,3
4450,3
4452,3
4453,0
4454,0
4459,3
4460,3
4461,3
4462,1
4463,0
4464,3
4465,0
4467,1
4470,0
4471,2
4472,3
4473,3
4474,3
4475,3
4476,2
4478,0
4479,3
4481,0
4483,1
4485,3
4487,3
4489,3
4490,1
4491,3
4492,0
4493,3
4494,3
4498,1
4501,3
4503,3
4504,0
4505,0
4506,3
4508,3
4511,3
4512,3
4513,0
4516,3
4517,3
4518,3
4527,0
4532,0
4533,2
4539,0
4540,3
4544,3
4546,3
4547,0
4548,3
4549,3
4550,3
4552,0
4553,1
4554,3
4556,3
4557,0
4560,0
4563,0
4564,2
4567,0
4568,2
4571,0
4572,0
4574,1
4575,3
4576,0
4578,2
4580,0
4581,3
4582,3
4583,0
4585,1
4586,3
4587,2
4589,0
4590,3
4593,0
4595,3
4596,1
4597,3
4599,3
4601,3
4602,1
4607,0
4608,1
4609,0
4610,0
4613,1
4615,1
4616,0
4618,2
4622,3
4627,3
4628,3
4630,1
4631,3
4633,0
4635,3
4638,3
4639,3
4640,3
4643,0
4644,2
4645,1
4646,1
4649,3
4650,3
4651,0
4652,1
4653,3
4656,1
4658,0
4660,2
4661,3
4662,3
4663,1
4664,3
4666,1
4667,1
4669,3
4670,0
4672,0
4673,3
4675,3
4676,1
4677,3
4680,0
4682,3
4686,3
4688,3
4690,1
4691,3
4692,1
4693,1
4694,3
4697,0
4698,3
4699,3
4700,2
4701,1
4702,0
4703,1
4704,3
4705,1
4708,1
4709,0
4710,2
4712,3
4713,3
4714,3
4716,3
4719,0
4721,3
4722,1
4723,3
4724,3
4726,3
4729,3
4732,3
4733,0
4734,0
4735,0
4738,2
4740,0
4741,0
4742,1
4745,0
4748,1
4749,3
4751,0
4752,1
4753,2
4754,3
4757,1
4759,3
4760,3
4761,0
4762,0
4764,0
4765,0
4767,0
4768,1
4770,3
4771,0
4774,0
4775,1
4776,3
4778,1
4782,2
4784,1
4787,3
4788,3
4789,3
4790,3
4791,2
4792,3
4793,3
4794,0
4796,3
4797,1
4798,3
4799,0
4804,1
4806,3
4807,3
4808,1
4811,0
4812,3
4815,3
4818,3
4819,0
4820,0
4821,0
4822,0
4823,3
4826,3
4828,1
4829,3
4830,3
4831,3
4832,1
4833,0
4835,3
4838,0
4839,3
4844,3
4845,2
4846,3
4847,0
4848,0
4849,0
4850,3
4851,3
4853,1
4854,3
4857,3
4860,0
4861,0
4862,3
4863,0
4866,1
4867,2
4868,1
4869,3
4870,1
4871,3
4872,2
4874,3
4875,0
4876,3
4877,3
4880,1
4881,1
4882,0
4883,1
4887,0
4888,0
4889,1
4890,3
4891,3
4894,2
4895,0
4896,0
4897,3
4900,1
4904,2
4907,3
4909,0
4911,0
4912,2
4913,3
4916,3
4917,2
4919,3
4921,3
4922,3
4924,2
4925,0
4926,3
4928,3
4929,1
4930,0
4931,3
4935,2
4936,1
4939,0
4940,2
4941,3
4942,0
4945,3
4947,0
4952,3
4954,2
4955,0
4957,3
4959,0
4962,3
4963,3
4966,0
4968,1
4972,1
4974,3
4975,0
4977,1
4978,3
4980,2
4981,0
4982,0
4983,3
4984,3
4985,3
4986,1
4987,3
4989,1
4991,3
4992,1
4993,1
4994,0
4995,0
4997,3
4998,3
4999,2
5002,0
5004,1
5005,3
5006,3
5009,0
5010,3
5012,1
5013,3
5021,3
5023,2
5024,3
5027,3
5029,3
5030,2
5032,1
5033,3
5036,2
5038,1
5041,2
5042,3
5043,1
5044,3
5046,3
5048,0
5049,3
5050,1
5051,3
5053,0
5054,3
5062,3
5063,1
5064,0
5068,0
5072,3
5073,0
5074,1
5075,1
5077,3
5078,2
5079,3
5080,2
5082,3
5086,3
5087,1
5088,3
5091,1
5092,0
5095,2
5099,0
5102,1
5104,2
5106,1
5107,0
5111,3
5114,1
5115,0
5116,0
5117,1
5118,3
5119,2
5120,2
5121,3
5124,0
5126,3
5130,3
5131,3
5133,3
5134,3
5135,2
5141,3
5142,0
5143,2
5144,0
5145,3
5146,3
5147,2
5151,3
5152,1
5153,0
5155,2
5156,3
5157,3
5159,3
5164,3
5166,1
5167,1
5168,0
5169,2
5171,3
5173,3
5174,1
5177,0
5178,3
5181,0
5182,1
5187,0
5189,1
5194,0
5195,3
5196,1
5199,0
5201,3
5202,3
5203,1
5205,2
5207,0
5208,2
5211,1
5213,3
5214,3
5217,0
5221,3
5223,3
5224,3
5225,2
5227,3
5230,1
5232,3
5235,3
5237,3
5238,3
5239,2
5240,3
5241,3
5244,3
5245,0
5246,1
5247,1
5249,2
5250,2
5251,3
5254,3
5256,3
5257,3
5258,3
5259,3
5260,1
5265,3
5268,0
5270,2
5271,3
5272,0
5274,3
5277,0
5279,0
5280,0
5282,0
5283,1
5285,1
5287,1
5290,0
5293,0
5299,3
5300,3
5301,3
5305,3
5306,0
5307,3
5308,3
5310,0
5312,3
5313,3
5316,1
5317,3
5318,0
5322,2
5326,3
5327,1
5329,3
5330,2
5332,0
5333,1
5334,3
5335,3
5336,3
5337,3
5341,1
5342,3
5343,2
5345,0
5350,0
5351,1
5353,3
5357,3
5359,2
5360,3
5363,3
5365,3
5368,0
5371,3
5373,3
5374,3
5375,3
5378,1
5379,3
5381,3
5383,3
5385,3
5386,0
5388,1
5391,3
5393,1
5395,2
5398,3
5399,3
5400,3
5404,3
5405,1
5408,3
5409,3
5410,3
5412,1
5413,1
5415,3
5417,3
5418,1
5419,1
5420,1
5421,0
5423,1
5424,3
5427,3
5428,0
5429,3
5430,1
5432,1
5433,1
5437,3
5438,1
5440,0
5442,0
5445,0
5447,2
5448,3
5449,0
5450,1
5452,3
5453,2
5455,3
5456,2
5457,3
5458,3
5459,3
5460,2
5463,3
5465,3
5466,3
5468,3
5469,0
5470,3
5471,3
5472,3
5474,3
5475,3
5479,2
5481,0
5482,1
5483,2
5489,3
5491,1
5492,3
5493,3
5494,3
5498,3
5499,3
5502,1
5504,0
5506,0
5507,3
5508,3
5509,3
5511,3
5513,3
5516,0
5521,1
5526,1
5529,1
5530,1
5532,3
5534,1
5536,2
5538,3
5540,0
5541,3
5547,1
5548,0
5549,3
5550,3
5551,3
5552,0
5553,3
5555,3
5560,3
5562,3
5564,3
5565,3
5566,3
5567,3
5569,1
5570,2
5572,3
5579,0
5581,3
5582,1
5583,0
5584,1
5589,3
5590,0
5592,1
5593,0
5594,0
5595,3
5596,0
5601,3
5604,2
5605,3
5606,0
5607,0
5608,2
5609,0
5612,1
5613,3
5616,1
5619,1
5621,3
5622,1
5623,3
5624,3
5626,3
5627,3
5628,2
5629,2
5630,0
5637,3
5639,1
5641,0
5643,1
5644,3
5645,2
5647,2
5648,2
5649,1
5650,3
5651,1
5652,2
5654,0
5655,0
5657,0
5658,0
5659,3
5661,2
5663,3
5665,0
5666,2
5669,2
5670,0
5671,1
5673,1
5677,3
5679,0
5680,0
5681,0
5682,0
5683,0
5686,0
5687,1
5689,3
5690,1
5691,0
5692,3
5693,1
5695,0
5696,2
5697,3
5698,2
5700,3
5702,0
5704,2
5705,2
5707,0
5710,3
5711,0
5713,2
5715,2
5716,2
5719,0
5721,3
5722,0
5724,1
5725,2
5726,0
5727,3
5728,3
5729,3
5730,1
5732,3
5734,2
5736,0
5739,3
5740,0
5742,2
5743,3
5744,3
5745,1
5747,3
5749,3
5750,3
5751,3
5753,3
5757,3
5759,3
5760,2
5761,3
5767,1
5768,2
5769,3
5770,1
5771,3
5774,2
5775,2
5776,2
5779,0
5780,2
5781,0
5784,1
5786,3
5787,0
5788,3
5789,1
5791,3
5792,1
5793,1
5794,3
5795,3
5797,0
5800,2
5804,0
5807,2
5808,1
5809,3
5810,3
5812,2
5815,3
5817,0
5821,3
5822,2
5823,2
5825,3
5828,0
5829,3
5830,0
5835,1
5837,3
5841,1
5842,2
5843,3
5848,2
5849,3
5850,3
5851,3
5852,2
5853,3
5854,3
5855,0
5858,3
5860,0
5862,3
5867,0
5868,3
5870,1
5872,3
5874,2
5876,3
5877,3
5878,1
5881,2
5883,3
5884,3
5887,3
5889,3
5891,1
5892,1
5895,3
5899,3
5900,3
5901,0
5902,3
5904,3
5905,2
5907,2
5909,3
5910,2
5911,1
5915,0
5916,0
5917,3
5918,3
5919,3
5922,3
5923,3
5924,2
5926,3
5927,0
5928,3
5933,3
5934,1
5936,0
5937,1
5939,0
5941,3
5942,1
5945,3
5946,2
5947,3
5948,0
5950,2
5954,1
5956,3
5957,1
5958,1
5961,1
5962,3
5963,3
5965,1
5970,1
5971,1
5973,3
5974,2
5975,3
5976,0
5977,0
5981,1
5982,2
5983,3
5984,2
5985,3
5986,3
5987,2
5988,1
5990,2
5993,2
5995,3
5996,3
5999,3
6001,1
6002,1
6003,3
6004,1
6005,2
6006,2
6008,1
6009,3
6011,1
6012,2
6015,3
6016,3
6017,2
6020,0
6021,2
6023,3
6025,3
6027,3
6029,0
6030,3
6031,3
6033,3
6035,3
6036,2
6037,2
6042,1
6045,3
6046,3
6050,1
6051,1
6053,2
6055,3
6056,3
6057,3
6059,0
6062,3
6065,2
6066,3
6067,3
6068,3
6069,3
6070,0
6071,3
6072,3
6078,1
6079,1
6083,2
6084,3
6085,0
6086,0
6087,0
6088,1
6091,3
6093,1
6096,1
6098,2
6099,3
6100,3
6101,3
6104,3
6107,1
6111,2
6114,3
6115,2
6116,0
6117,0
6121,0
6123,1
6124,3
6127,3
6128,2
6129,2
6130,0
6134,0
6136,1
6138,2
6139,3
6143,3
6145,3
6146,0
6148,3
6149,2
6150,3
6152,0
6157,0
6158,1
6160,0
6161,3
6162,3
6165,2
6167,3
6168,1
6170,3
6171,0
6173,1
6175,3
6176,3
6179,3
6181,1
6183,0
6185,1
6187,1
6188,2
6190,3
6193,1
6194,3
6197,1
6198,2
6201,3
6202,1
6203,3
6206,3
6207,3
6210,3
6211,2
6213,3
6214,3
6215,0
6216,1
6218,1
6219,1
6222,1
6223,3
6224,2
6226,2
6228,0
6232,1
6234,3
6235,3
6236,2
6240,3
6241,3
6242,3
6243,3
6246,3
6247,3
6249,0
6250,0
6251,2
6253,3
6254,1
6259,3
6261,3
6263,2
6265,2
6268,3
6270,3
6274,3
6275,3
6277,3
6279,1
6281,3
6282,0
6285,0
6287,3
6288,3
6290,0
6294,3
6296,3
6297,3
6299,2
6300,3
6301,0
6303,1
6304,1
6305,3
6306,3
6307,3
6310,1
6311,2
6312,1
6313,3
6315,0
6316,1
6318,2
6321,0
6323,3
6324,0
6325,2
6326,1
6328,3
6329,3
6330,3
6331,1
6332,1
6333,3
6334,1
6336,3
6339,0
6340,2
6342,3
6343,3
6344,0
6345,0
6346,0
6352,1
6353,3
6354,3
6355,3
6357,1
6358,1
6359,3
6360,0
6362,0
6363,3
6364,3
6365,0
6366,3
6367,3
6369,1
6371,1
6374,1
6375,2
6379,0
6380,2
6381,3
6384,3
6386,2
6388,3
6391,2
6392,3
6393,0
6395,3
6396,3
6397,2
6399,3
6404,0
6405,0
6406,3
6408,3
6419,1
6420,0
6421,1
6423,3
6425,3
6426,1
6428,1
6431,1
6432,3
6435,1
6436,1
6439,3
6440,1
6441,1
6442,3
6443,2
6446,0
6447,0
6448,2
6449,1
6450,0
6452,3
6454,0
6456,3
6457,3
6459,3
6465,0
6466,3
6467,3
6468,3
6470,3
6471,0
6472,1
6473,0
6476,3
6477,0
6478,2
6480,0
6483,3
6484,3
6485,1
6488,1
6490,1
6492,1
6493,0
6494,1
6495,2
6496,1
6497,1
6502,3
6506,1
6508,3
6510,2
6513,3
6514,3
6517,0
6518,0
6519,1
6520,3
6521,3
6524,0
6527,3
6528,2
6532,1
6534,0
6535,0
6538,0
6540,2
6547,3
6548,3
6549,0
6551,3
6552,0
6553,1
6558,3
6559,3
6560,1
6561,3
6562,3
6563,1
6566,3
6567,0
6570,3
6571,2
6572,1
6574,1
6575,3
6579,3
6580,1
6581,2
6585,0
6586,0
6589,0
6590,3
6591,3
6593,0
6595,0
6598,0
6600,2
6601,1
6603,3
6604,3
6606,1
6607,1
6608,0
6609,2
6610,3
6612,0
6615,0
6616,3
6617,1
6618,1
6621,1
6623,0
6625,3
6627,3
6631,0
6632,0
6633,1
6634,0
6636,2
6637,1
6642,1
6643,0
6645,2
6646,0
6647,2
6648,3
6650,0
6651,3
6653,1
6654,2
6655,3
6656,3
6658,0
6661,1
6663,1
6664,0
6665,1
6667,0
6669,1
6670,3
6671,1
6677,3
6679,0
6680,3
6681,3
6682,3
6683,3
6685,3
6687,3
6688,3
6689,2
6690,2
6691,2
6693,3
6695,2
6698,3
6701,3
6702,2
6703,3
6704,3
6711,3
6712,0
6714,3
6715,1
6716,2
6718,2
6720,3
6721,3
6722,2
6723,3
6725,3
6726,1
6727,3
6728,3
6729,1
6730,3
6731,3
6732,0
6736,3
6737,2
6739,0
6740,3
6741,3
6744,1
6745,3
6746,3
6748,3
6749,0
6752,3
6754,1
6755,3
6757,3
6761,3
6762,0
6766,3
6768,3
6771,3
6772,0
6774,3
6777,3
6778,3
6779,1
6782,2
6785,3
6786,1
6790,1
6796,3
6797,3
6798,2
6799,2
6802,3
6804,3
6805,3
6809,1
6810,3
6811,3
6815,1
6816,0
6817,3
6818,3
6823,3
6824,3
6828,3
6829,1
6830,3
6832,3
6835,0
6836,1
6838,0
6843,0
6844,0
6856,3
6857,3
6858,3
6860,3
6862,3
6864,3
6867,3
6868,0
6870,0
6872,0
6874,3
6875,3
6876,1
6878,3
6879,1
6881,3
6883,2
6885,2
6886,0
6888,3
6889,3
6890,3
6891,0
6893,1
6894,3
6898,3
6901,3
6902,1
6903,1
6904,1
6905,3
6906,1
6907,0
6908,3
6909,2
6911,1
6913,1
6915,3
6916,3
6919,1
6922,1
6923,3
6924,0
6928,3
6929,3
6931,3
6934,2
6937,0
6938,3
6939,3
6941,3
6944,0
6946,2
6948,2
6951,3
6952,3
6954,0
6955,3
6958,3
6961,2
6962,0
6965,1
6966,3
6967,3
6970,0
6971,2
6972,3
6973,3
6976,3
6977,3
6980,2
6981,3
6988,3
6989,3
6990,1
6991,1
6992,1
6997,3
6998,0
7001,3
7004,3
7007,3
7008,2
7009,1
7010,3
7011,3
7013,3
7014,3
7015,0
7016,1
7019,0
7020,3
7023,3
7025,1
7028,0
7029,1
7031,1
7033,3
7037,3
7041,3
7042,1
7046,0
7047,3
7048,1
7050,0
7051,2
7053,1
7055,3
7056,2
7057,0
7058,3
7060,3
7061,3
7063,1
7066,2
7067,0
7068,2
7075,3
7076,2
7080,3
7081,3
7082,1
7084,1
7085,3
7086,0
7087,1
7089,1
7093,3
7094,3
7095,3
7098,3
7099,3
7100,3
7101,1
7103,3
7107,3
7116,2
7117,0
7119,3
7121,2
7122,3
7124,1
7126,0
7128,3
7129,3
7130,1
7131,3
7133,2
7134,3
7135,0
7139,0
7140,1
7143,0
7144,3
7146,3
7148,3
7149,1
7150,0
7152,3
7154,0
7156,3
7157,0
7159,0
7160,3
7162,3
7168,3
7169,0
7171,0
7172,3
7173,1
7174,0
7175,0
7180,3
7181,2
7182,3
7184,0
7186,3
7187,3
7190,3
7191,3
7193,3
7195,1
7198,0
7200,2
7202,1
7205,0
7206,2
7207,1
7208,0
7212,0
7213,3
7214,0
7215,0
7217,1
7219,3
7221,0
7223,1
7224,0
7226,2
7227,0
7229,3
7231,2
7232,0
7234,1
7237,3
7239,2
7241,0
7243,3
7244,0
7250,1
7252,3
7253,0
7254,0
7255,1
7256,3
7257,0
7259,0
7260,0
7262,1
7263,0
7265,3
7266,3
7267,0
7270,3
7271,1
7275,0
7276,2
7281,3
7282,3
7283,0
7285,3
7286,2
7287,0
7288,0
7289,0
7290,3
7292,0
7293,0
7295,0
7297,0
7298,0
7299,3
7300,1
7301,3
7302,0
7303,3
7304,1
7305,0
7306,3
7308,1
7309,3
7312,3
7313,3
7315,3
7317,1
7318,3
7319,0
7320,3
7321,0
7323,1
7329,3
7330,1
7331,3
7334,1
7335,2
7336,1
7338,3
7343,3
7345,1
7347,3
7348,2
7350,3
7351,2
7352,1
7353,3
7356,3
7361,0
7363,1
7366,3
7367,0
7368,3
7369,3
7370,3
7375,1
7380,3
7381,1
7382,3
7383,0
7390,1
7391,3
7392,3
7393,2
7394,2
7395,3
7396,3
7397,1
7398,3
7399,3
7400,0
7401,2
7405,3
7407,3
7409,0
7410,1
7411,2
7412,2
7413,1
7414,3
7415,3
7416,0
7417,2
7419,1
7424,1
7425,0
7426,3
7428,3
7429,0
7432,3
7434,1
7436,3
7437,1
7439,2
7442,1
7445,3
7447,3
7449,3
7451,0
7452,0
7454,1
7461,3
7462,1
7463,2
7465,1
7469,0
7470,3
7473,1
7475,3
7476,1
7477,0
7478,3
7479,3
7480,2
7481,1
7483,2
7487,3
7488,0
7492,1
7493,0
7499,1
7501,1
7502,2
7507,3
7509,0
7511,1
7518,0
7520,3
7522,3
7523,0
7524,3
7525,1
7530,1
7531,3
7532,3
7535,0
7538,3
7540,2
7542,3
7543,0
7544,3
7551,3
7552,2
7553,3
7554,3
7556,1
7557,0
7561,3
7562,3
7563,1
7564,3
7565,0
7566,1
7567,3
7568,3
7571,3
7572,3
7575,3
7576,2
7579,3
7582,0
7586,0
7587,3
7588,3
7594,1
7596,3
7598,3
7600,2
7601,3
7602,1
7603,3
7605,0
7610,2
7611,1
7613,1
7615,2
7616,0
7618,1
7620,1
7622,3
7623,1
7625,0
7626,1
7627,1
7628,2
7633,3
7635,0
7638,3
7639,1
7643,0
7644,0
7646,3
7651,2
7653,1
7654,1
7656,3
7659,0
7661,3
7665,3
7668,3
7670,3
7672,2
7675,1
7676,3
7677,1
7681,2
7683,3
7684,0
7686,3
7689,3
7690,3
7691,0
7692,0
7695,0
7699,3
7700,3
7701,3
7703,3
7706,3
7709,2
7710,0
7712,2
7715,0
7716,1
7718,1
7721,1
7723,3
7724,1
7725,3
7726,1
7727,2
7730,1
7732,3
7736,0
7738,1
7739,3
7740,3
7741,3
7742,2
7744,3
7745,1
7746,0
7749,3
7751,1
7754,3
7755,3
7757,0
7760,3
7761,2
7762,1
7765,0
7766,3
7767,3
7769,3
7770,3
7773,0
7774,3
7778,2
7779,0
7781,0
7783,2
7784,3
7785,3
7790,3
7791,3
7796,1
7803,3
7804,2
7808,3
7809,3
7812,0
7813,0
7814,3
7820,3
7824,3
7825,2
7827,1
7832,3
7835,3
7837,0
7844,3
7847,0
7848,3
7850,3
7852,3
7854,3
7856,3
7857,0
7858,0
7859,1
7860,3
7861,2
7862,0
7864,1
7866,1
7867,3
7868,2
7869,2
7870,3
7873,0
7875,3
7876,0
7882,1
7884,3
7886,1
7887,3
7888,0
7892,3
7894,3
7896,0
7900,0
7904,0
7907,1
7910,3
7911,0
7913,3
7917,1
7918,3
7920,3
7922,3
7923,3
7924,2
7926,3
7928,3
7930,3
7933,3
7934,3
7935,3
7936,1
7938,3
7941,0
7942,3
7943,1
7945,3
7950,3
7952,3
7953,3
7956,3
7957,2
7958,3
7959,3
7962,3
7966,0
7968,3
7972,1
7973,1
7975,0
7978,3
7979,1
7981,3
7982,0
7984,3
7985,1
7987,1
7991,1
7992,0
7994,1
7995,3
7996,3
7999,1
8001,3
8002,3
8003,3
8005,0
8008,3
8013,0
8014,3
8015,1
8019,1
8020,3
8022,0
8023,0
8025,3
8028,3
8030,0
8032,3
8033,1
8034,0
8035,1
8036,0
8040,0
8042,0
8043,3
8044,3
8046,3
8048,3
8049,2
8050,0
8051,1
8052,3
8055,3
8058,3
8059,2
8060,3
8064,1
8066,3
8067,3
8068,3
8069,3
8072,0
8073,0
8074,2
8075,3
8077,3
8078,0
8079,0
8082,3
8083,3
8084,3
8085,0
8086,1
8087,3
8089,3
8091,3
8094,2
8095,3
8097,3
8103,0
8104,3
8106,3
8107,0
8108,2
8110,2
8111,3
8113,0
8115,1
8117,1
8118,3
8120,3
8121,0
8122,3
8123,0
8126,0
8127,0
8128,1
8130,1
8131,3
8134,2
8136,1
8138,2
8140,3
8141,1
8143,3
8144,3
8146,3
8148,3
8149,1
8150,0
8151,0
8153,3
8155,2
8157,0
8158,0
8162,3
8164,3
8166,1
8169,1
8170,0
8174,3
8176,3
8177,3
8179,2
8182,3
8183,0
8187,0
8188,1
8189,3
8192,0
8193,1
8194,0
8197,3
8198,1
8199,3
8202,2
8203,0
8205,1
8206,0
8207,1
8209,1
8210,2
8211,3
8212,0
8213,2
8214,1
8215,3
8216,0
8217,0
8218,1
8219,3
8220,0
8222,1
8223,0
8224,0
8225,2
8228,0
8229,3
8233,0
8235,3
8236,1
8237,0
8239,3
8240,1
8241,2
8244,0
8246,3
8247,3
8249,3
8250,3
8251,2
8252,0
8253,2
8256,1
8257,0
8258,2
8260,3
8262,3
8263,0
8265,2
8267,1
8270,3
8271,3
8272,3
8274,3
8275,3
8276,2
8277,1
8278,1
8282,1
8283,3
8284,3
8285,0
8286,1
8289,3
8290,0
8291,3
8293,3
8294,1
8295,0
8301,3
8302,1
8303,1
8304,3
8305,1
8306,2
8308,1
8309,3
8313,2
8314,1
8315,3
8316,0
8320,1
8321,2
8323,1
8324,3
8327,3
8328,3
8330,3
8331,1
8332,1
8333,2
8335,3
8338,2
8340,3
8341,0
8344,1
8345,3
8349,1
8350,3
8351,0
8353,3
8354,0
8356,1
8361,2
8364,1
8367,1
8372,2
8373,2
8374,3
8376,2
8378,2
8381,2
8382,3
8385,0
8387,3
8391,3
8392,1
8393,1
8395,3
8396,3
8401,0
8405,1
8406,3
8407,1
8409,3
8410,0
8411,2
8412,0
8413,1
8414,3
8416,0
8417,2
8418,3
8419,1
8420,0
8421,2
8424,3
8425,0
8427,3
8429,3
8431,0
8433,1
8436,0
8437,3
8439,0
8442,2
8447,2
8449,0
8450,0
8452,3
8453,2
8454,0
8456,0
8457,3
8460,3
8461,3
8464,3
8465,0
8467,1
8474,0
8475,3
8477,3
8478,3
8479,0
8480,0
8481,0
8483,2
8485,2
8487,1
8488,3
8489,3
8494,1
8495,0
8496,3
8500,0
8503,2
8504,0
8505,3
8506,3
8508,3
8509,2
8510,0
8511,2
8512,1
8514,3
8515,0
8517,3
8518,3
8519,3
8521,3
8525,1
8527,3
8528,3
8530,3
8534,3
8538,2
8541,3
8547,3
8548,0
8550,3
8551,1
8552,3
8554,3
8555,1
8556,3
8557,0
8559,1
8560,0
8561,2
8562,0
8564,3
8567,0
8570,2
8573,3
8581,3
8582,3
8583,0
8584,2
8585,3
8587,1
8591,2
8593,3
8594,3
8596,1
8598,3
8600,3
8603,3
8605,2
8611,1
8612,3
8615,3
8616,1
8619,3
8622,3
8624,3
8625,2
8628,2
8633,0
8634,3
8635,3
8637,1
8640,3
8641,1
8643,0
8644,2
8645,3
8646,0
8647,0
8648,1
8649,3
8651,3
8652,2
8656,1
8659,3
8660,1
8663,3
8664,3
8666,3
8670,3
8672,1
8673,2
8674,3
8675,3
8676,0
8677,3
8678,1
8679,1
8683,0
8684,2
8685,2
8686,1
8687,3
8689,2
8690,1
8692,3
8693,3
8695,1
8696,3
8697,0
8702,0
8706,1
8708,3
8709,2
8710,3
8711,3
8712,3
8714,1
8716,0
8717,0
8718,0
8720,3
8721,0
8722,0
8723,3
8725,2
8726,3
8727,1
8729,3
8730,1
8732,0
8734,3
8736,0
8737,1
8738,3
8739,0
8740,3
8741,0
8742,3
8743,3
8744,1
8746,3
8747,0
8748,3
8751,0
8753,2
8761,0
8764,0
8765,3
8766,1
8771,3
8772,0
8773,0
8774,1
8776,0
8777,3
8778,3
8780,2
8781,2
8784,0
8786,3
8787,3
8789,2
8792,2
8794,3
8795,2
8796,1
8797,1
8798,3
8800,3
8801,0
8802,3
8803,3
8810,3
8812,3
8813,0
8815,1
8816,0
8817,2
8818,1
8820,3
8821,1
8822,3
8824,3
8825,0
8826,3
8830,3
8835,1
8837,3
8841,1
8843,1
8844,3
8846,0
8859,3
8861,0
8862,2
8863,0
8864,1
8866,3
8868,2
8869,3
8871,3
8876,3
8877,3
8878,2
8882,0
8885,2
8886,1
8888,2
8889,1
8891,0
8893,1
8895,3
8896,3
8899,2
8900,3
8901,1
8902,2
8903,3
8904,3
8905,0
8909,1
8910,3
8911,1
8912,2
8914,0
8915,3
8916,3
8918,0
8920,1
8924,0
8928,0
8929,3
8930,3
8932,3
8933,0
8934,1
8936,2
8937,0
8938,3
8939,0
8944,3
8946,0
8947,0
8951,1
8952,1
8953,2
8954,3
8955,0
8956,0
8957,3
8958,3
8961,3
8963,3
8964,3
8965,3
8966,1
8968,2
8970,3
8972,1
8973,3
8974,3
8976,1
8977,2
8978,3
8980,3
8982,3
8983,2
8984,0
8985,0
8986,3
8989,2
8991,2
8992,3
8993,3
8994,1
8997,3
8998,0
8999,2
9001,0
9002,3
9005,1
9006,1
9008,3
9010,1
9014,1
9016,2
9017,1
9019,0
9022,3
9024,3
9027,1
9028,3
9030,1
9031,3
9032,2
9035,3
9036,2
9040,1
9042,1
9044,3
9045,3
9048,1
9053,3
9055,0
9058,3
9059,0
9060,1
9061,2
9063,2
9065,3
9067,0
9068,3
9069,0
9070,1
9073,3
9075,1
9077,1
9078,3
9079,3
9080,3
9083,1
9085,1
9086,0
9088,3
9090,1
9091,3
9092,1
9094,0
9095,3
9096,0
9097,3
9099,1
9102,3
9103,1
9105,3
9107,3
9109,3
9110,3
9112,1
9113,2
9115,1
9116,3
9117,3
9119,3
9120,1
9121,3
9127,3
9128,3
9130,1
9132,3
9134,3
9136,1
9137,2
9139,3
9142,3
9144,3
9148,3
9149,3
9150,3
9151,3
9152,3
9153,1
9155,2
9157,0
9158,0
9159,1
9160,0
9162,0
9163,0
9164,3
9166,0
9170,1
9171,3
9172,0
9173,3
9175,2
9177,3
9178,3
9179,3
9181,1
9182,1
9184,0
9185,1
9188,3
9190,1
9192,3
9193,1
9196,3
9197,1
9199,0
9200,3
9201,0
9204,3
9206,0
9209,3
9210,3
9212,3
9213,1
9214,0
9215,0
9216,3
9218,2
9220,2
9221,3
9222,0
9223,2
9224,3
9226,0
9228,3
9231,2
9232,2
9233,2
9234,0
9235,3
9236,3
9242,1
9243,0
9244,3
9245,3
9247,1
9248,1
9250,1
9251,3
9252,3
9253,3
9255,3
9257,3
9258,1
9259,1
9263,3
9264,3
9265,1
9267,0
9269,2
9270,3
9271,3
9272,2
9273,3
9275,3
9276,0
9277,0
9278,3
9279,1
9283,2
9284,3
9285,3
9288,3
9291,3
9293,0
9296,3
9297,0
9298,3
9299,0
9300,2
9301,2
9303,2
9306,0
9311,3
9312,3
9313,1
9316,0
9318,1
9319,3
9323,3
9325,2
9327,1
9330,3
9331,3
9334,3
9336,3
9337,1
9342,3
9343,0
9346,1
9348,3
9349,1
9350,3
9351,2
9356,3
9357,0
9358,3
9361,3
9362,3
9363,0
9366,3
9369,2
9371,3
9372,2
9375,3
9376,1
9377,3
9380,1
9381,3
9382,3
9383,0
9384,1
9385,0
9387,0
9388,1
9389,3
9390,1
9395,3
9396,0
9398,0
9400,0
9402,3
9403,2
9406,3
9407,1
9408,1
9409,0
9411,3
9413,0
9415,0
9419,1
9420,0
9421,3
9425,0
9426,1
9427,1
9430,0
9432,3
9433,0
9434,3
9435,1
9436,1
9437,3
9440,0
9441,1
9447,2
9448,0
9454,3
9455,2
9456,0
9457,3
9458,3
9461,2
9464,3
9466,0
9468,3
9469,0
9473,0
9475,3
9476,1
9479,1
9481,3
9482,3
9483,3
9485,0
9490,3
9492,3
9493,3
9494,3
9495,3
9496,0
9499,3
9500,3
9504,3
9507,3
9509,3
9511,3
9512,1
9513,3
9516,3
9518,2
9519,0
9521,3
9522,3
9526,0
9527,0
9530,1
9532,3
9533,3
9534,1
9537,3
9538,2
9539,0
9541,3
9542,0
9543,0
9546,3
9547,3
9549,3
9551,3
9553,3
9554,3
9558,3
9559,3
9560,0
9564,0
9565,3
9567,1
9569,3
9570,0
9571,3
9576,1
9580,2
9581,3
9582,0
9583,1
9587,3
9588,2
9589,2
9591,3
9592,1
9593,3
9596,2
9597,3
9598,2
9603,3
9605,3
9606,0
9607,0
9609,0
9611,3
9612,2
9613,0
9614,3
9616,0
9617,0
9620,2
9623,3
9624,3
9626,0
9628,2
9629,0
9630,0
9631,1
9632,1
9633,0
9634,1
9635,0
9636,1
9638,3
9639,1
9643,3
9644,3
9646,1
9647,2
9648,0
9649,0
9650,3
9651,2
9652,2
9654,0
9656,0
9658,1
9660,2
9661,3
9662,3
9665,3
9666,1
9668,1
9669,3
9670,3
9671,2
9673,3
9675,3
9676,1
9678,0
9680,3
9681,0
9683,2
9687,1
9688,0
9695,2
9696,3
9697,0
9698,2
9699,3
9700,0
9701,1
9702,3
9705,3
9706,2
9707,1
9708,1
9709,3
9710,3
9714,2
9716,3
9718,3
9720,2
9723,3
9724,1
9725,3
9726,0
9728,1
9730,1
9732,3
9735,0
9736,0
9737,2
9740,0
9747,3
9749,3
9751,0
9753,3
9756,2
9757,2
9758,1
9759,3
9760,3
9764,1
9768,1
9770,2
9773,0
9775,3
9776,3
9780,0
9782,3
9784,3
9786,3
9788,2
9789,1
9790,0
9791,0
9792,3
9793,0
9797,1
9798,3
9801,0
9802,1
9804,0
9805,3
9806,3
9811,3
9813,3
9814,0
9816,2
9817,3
9818,0
9821,3
9824,0
9825,0
9826,3
9831,0
9835,3
9838,2
9841,1
9842,0
9843,0
9844,0
9845,3
9846,0
9849,1
9850,3
9851,3
9853,0
9854,0
9861,1
9863,0
9865,3
9866,0
9867,3
9868,0
9874,1
9875,2
9876,1
9877,1
9880,1
9881,1
9883,1
9885,1
9887,3
9888,0
9890,1
9891,3
9892,1
9894,3
9897,3
9898,1
9899,3
9901,3
9902,0
9908,1
9913,3
9914,3
9916,2
9917,1
9919,3
9921,2
9922,2
9923,0
9925,3
9926,1
9927,3
9929,3
9930,1
9932,3
9934,0
9936,3
9937,2
9938,0
9939,3
9941,3
9943,3
9944,3
9945,1
9947,3
9950,3
9952,3
9953,0
9954,3
9956,3
9959,0
9961,1
9969,2
9970,3
9971,3
9972,3
9975,3
9977,3
9978,3
9979,2
9980,3
9981,3
9983,3
9984,3
9986,1
9987,3
9988,0
9993,1
9995,3
9999,1
10001,2
10003,3
10004,2
10006,1
10010,1
10011,3
10012,3
10013,0
10014,3
10015,3
10016,3
10017,1
10019,2
10020,3
10023,3
10025,3
10026,3
10029,3
10035,3
10038,3
10039,3
10046,3
10048,0
10049,0
10051,1
10052,1
10055,2
10056,3
10059,0
10061,3
10063,3
10065,3
10067,3
10068,2
10070,3
10072,0
10073,3
10078,1
10079,3
10081,1
10082,2
10087,3
10091,1
10092,0
10096,1
10097,1
10098,2
10102,1
10103,1
10104,3
10106,3
10107,3
10111,3
10112,1
10114,3
10115,2
10118,3
10119,3
10121,3
10123,1
10125,1
10126,3
10128,3
10130,1
10135,0
10136,3
10137,3
10138,3
10139,1
10141,3
10145,1
10152,3
10153,0
10157,3
10158,2
10161,1
10165,0
10166,3
10175,3
10177,1
10179,2
10180,0
10184,3
10186,1
10190,3
10192,0
10193,3
10195,2
10198,2
10199,1
10201,0
10202,3
10203,1
10205,1
10209,1
10210,1
10213,3
10221,1
10222,1
10224,1
10229,3
10232,3
10237,3
10246,0
10249,0
10252,3
10258,3
10259,3
10261,3
10265,0
10266,0
10267,0
10268,2
10269,0
10271,0
10272,1
10273,3
10274,0
10275,2
10276,3
10277,2
10278,3
10280,1
10281,2
10283,1
10284,2
10290,1
10291,3
10292,0
10298,3
10299,3
10301,1
10303,2
10306,2
10307,3
10308,3
10310,3
10312,1
10316,3
10328,3
10330,3
10332,3
10333,1
10336,3
10337,3
10340,3
10341,0
10343,0
10344,3
10345,3
10349,3
10352,2
10353,3
10356,3
10359,2
10361,3
10362,0
10363,2
10364,3
10366,0
10367,1
10371,3
10372,3
10377,3
10379,3
10380,3
10384,3
10388,3
10389,3
10394,3
10399,2
10400,2
10403,3
10404,0
10409,2
10413,3
10414,1
10415,3
10416,2
10420,1
10422,0
10424,1
10426,2
10430,1
10434,1
10435,3
10438,3
10441,3
10443,1
10445,3
10451,3
10453,3
10454,3
10455,3
10456,1
10458,1
10460,1
10465,0
10466,2
10468,3
10471,1
10486,1
10487,2
10488,3
10489,2
10495,1
10498,2
10499,3
10502,1
10503,3
10505,1
10507,0
10511,1
10512,3
10521,1
10523,3
10525,2
10526,3
10528,0
10530,0
10531,0
10534,0
10536,0
10539,0
10544,3
10545,1
10546,0
10548,3
10555,3
10557,3
10558,2
10559,1
10562,3
10565,3
10566,3
10567,3
10570,0
10572,3
10575,0
10577,0
10579,3
10582,3
10583,0
10585,0
10586,0
10587,2
10588,1
10593,3
10596,3
10599,2
10602,1
10606,0
10607,1
10609,3
10610,0
10612,0
10613,3
10615,3
10618,3
10619,0
10622,3
10624,0
10628,3
10631,1
10632,1
10634,3
10637,0
10639,0
10640,2
10641,3
10643,0
10645,3
10649,2
10650,2
10651,2
10655,3
10656,3
10658,3
10659,3
10660,0
10662,3
10665,3
10668,1
10670,2
10671,0
10674,3
10677,1
10678,3
10680,3
10683,0
10688,1
10691,3
10694,3
10695,0
10697,2
10698,1
10699,3
10700,3
10702,0
10703,3
10713,1
10717,0
10718,3
10721,3
10722,0
10724,1
10726,3
10727,3
10730,2
10735,3
10737,2
10739,3
10741,3
10742,1
10748,0
10750,0
10753,3
10757,3
10760,3
10762,3
10764,1
10765,3
10768,2
10769,1
10771,2
10772,3
10773,0
10775,2
10776,3
10777,3
10778,3
10779,0
10781,0
10783,3
10784,3
10786,3
10787,2
10788,2
10791,1
10792,0
10794,1
10795,3
10797,3
10799,3
10803,1
10804,3
10808,3
10810,0
10811,1
10812,0
10813,3
10815,3
10817,1
10823,3
10824,3
10825,3
10830,3
10833,1
10837,3
10840,1
10842,3
10845,0
10846,3
10847,0
10848,3
10850,2
10851,3
10852,3
10856,2
10857,1
10858,3
10859,2
10862,1
10866,1
10867,0
10870,0
10871,3
10874,3
10875,2
10877,3
10878,3
10879,3
10882,3
10883,3
10884,3
10885,3
10889,3
10890,0
10891,3
10894,0
10895,3
10899,1
10900,2
10901,3
10902,0
10903,3
10905,0
10906,3
10907,2
10908,3
10910,3
10911,0
10915,3
10916,3
10917,2
10918,2
10920,2
10921,2
10924,3
10925,1
10926,0
10928,3
10929,1
10930,2
10932,3
10939,1
10940,3
10941,3
10942,1
10943,3
10945,3
10947,2
10948,2
10949,3
10950,3
10951,3
10954,2
10957,2
10958,3
10959,1
10961,0
10963,3
10964,3
10965,3
10966,3
10967,0
10970,0
10971,1
10974,3
10975,0
10976,1
10977,2
10978,3
10979,1
10980,2
10981,3
10983,3
10990,3
10991,3
10992,0
10993,1
10995,3
10997,3
10999,3
11000,0
11001,3
11002,3
11005,3
11006,1
11008,3
11010,3
11013,3
11015,3
11016,0
11018,3
11019,1
11020,3
11021,3
11022,1
11023,3
11027,0
11032,3
11039,3
11040,3
11041,3
11043,1
11045,3
11046,0
11047,1
11049,3
11051,2
11052,3
11056,3
11058,0
11060,1
11062,3
11064,0
11069,3
11070,3
11072,0
11073,3
11074,3
11075,0
11078,3
11080,0
11081,3
11085,2
11088,3
11089,3
11091,3
11092,3
11093,1
11095,2
11096,2
11097,3
11098,0
11099,2
11101,0
11102,3
11103,0
11105,1
11106,3
11107,3
11108,2
11109,3
11111,3
11112,3
11114,1
11115,3
11117,3
11118,1
11120,1
11121,1
11122,3
11123,3
11124,3
11125,3
11126,3
11127,1
11128,3
11129,3
11130,2
11136,0
11141,3
11143,1
11145,2
11147,3
11148,1
11149,2
11152,1
11154,3
11156,1
11157,2
11158,3
11159,3
11161,3
11163,0
11166,2
11170,2
11171,2
11172,0
11173,2
11174,2
11175,3
11177,0
11181,1
11182,0
11186,3
11187,1
11189,3
11190,0
11191,3
11192,1
11193,3
11196,1
11197,3
11198,1
11201,3
11206,3
11207,0
11208,3
11212,3
11213,3
11214,1
11215,3
11216,0
11217,0
11218,0
11228,3
11230,2
11231,2
11235,3
11236,1
11240,0
11241,3
11245,3
11246,1
11251,2
11254,0
11255,1
11256,0
11258,1
11262,1
11265,3
11266,2
11272,0
11273,3
11276,3
11280,3
11281,1
11283,1
11285,3
11290,2
11294,2
11298,3
11300,3
11301,1
11302,3
11304,3
11305,1
11307,3
11308,2
11309,1
11311,3
11312,3
11313,2
11316,3
11318,3
11320,2
11321,2
11322,3
11325,3
11327,3
11328,3
11329,1
11330,3
11332,1
11335,2
11339,0
11340,3
11342,3
11343,1
11344,1
11349,1
11350,3
11351,3
11353,0
11354,1
11355,0
11356,2
11359,1
11361,3
11364,0
11370,2
11371,3
11373,0
11375,2
11376,0
11378,3
11379,2
11381,3
11382,3
11383,3
11386,0
11391,2
11393,3
11394,2
11395,3
11397,3
11398,2
11399,3
11401,2
11404,1
11405,1
11406,0
11407,3
11408,0
11409,1
11410,1
11411,3
11412,3
11415,0
11417,2
11418,3
11420,0
11423,2
11426,0
11429,2
11430,3
11431,0
11434,3
11436,3
11438,3
11440,1
11442,3
11443,3
11445,0
11446,1
11448,3
11450,0
11453,3
11454,3
11456,3
11457,0
11459,0
11462,2
11463,3
11464,3
11468,3
11470,0
11472,1
11473,0
11474,3
11477,3
11481,3
11485,3
11486,0
11487,3
11488,2
11494,2
11495,1
11498,3
11499,3
11501,1
11502,3
11507,1
11509,1
11512,3
11515,3
11517,2
11519,0
11520,0
11521,1
11523,0
11528,1
11530,3
11531,3
11532,3
11535,3
11539,3
11540,0
11542,0
11544,2
11546,2
11547,1
11550,3
11551,1
11553,3
11554,3
11555,3
11558,3
11561,3
11565,3
11568,3
11571,0
11573,3
11577,3
11585,1
11588,0
11591,0
11594,0
11595,2
11597,3
11598,3
11603,2
11605,1
11606,0
11609,3
11610,3
11613,3
11614,1
11618,1
11620,0
11621,3
11626,1
11627,3
11628,0
11629,3
11634,3
11636,2
11641,2
11642,3
11644,2
11646,3
11647,3
11648,3
11650,1
11653,3
11658,3
11659,3
11663,3
11666,3
11669,3
11670,3
11679,0
11680,3
11681,0
11685,3
11686,3
11687,3
11688,2
11690,2
11692,3
11695,1
11699,0
11702,3
11704,3
11705,0
11706,1
11707,1
11710,3
11711,1
11713,1
11716,0
11717,3
11718,1
11724,3
11725,1
11729,2
11731,3
11732,1
11737,1
11738,3
11745,3
11746,3
11747,1
11749,3
11750,3
11751,2
11753,2
11754,3
11755,2
11756,3
11757,3
11758,3
11760,0
11761,3
11762,3
11763,3
11764,3
11765,3
11768,1
11774,2
11779,3
11780,3
11789,3
11790,1
11794,3
11795,2
11796,3
11797,3
11801,3
11802,1
11803,1
11805,2
11807,0
11808,2
11810,3
11813,3
11814,3
11816,2
11819,0
11821,3
11822,3
11823,1
11824,2
11827,1
11829,1
11831,3
11832,1
11834,0
11835,3
11836,0
11843,3
11848,3
11849,1
11850,1
11851,3
11856,1
11857,3
11858,3
11860,2
11861,2
11864,3
11865,0
11868,2
11869,3
11871,3
11873,0
11876,1
11879,3
11880,3
11882,3
11883,1
11886,1
11888,1
11889,2
11892,1
11896,0
11901,1
11903,3
11904,3
11906,3
11912,3
11913,3
11914,3
11916,0
11920,3
11921,3
11922,0
11924,0
11927,1
11928,0
11931,3
11932,1
11933,0
11934,3
11935,0
11938,3
11942,3
11943,3
11948,3
11949,3
11954,1
11955,3
11956,3
11961,0
11963,3
11964,3
11965,0
11966,3
11969,3
11970,3
11976,1
11977,2
11980,2
11983,3
11987,3
11988,1
11990,2
11993,2
11998,3
12001,3
12006,3
12007,1
12011,0
12013,3
12017,3
12018,3
12020,0
12022,3
12026,2
12027,3
12028,1
12031,3
12032,1
12035,3
12044,3
12045,1
12047,3
12049,3
12051,3
12055,0
12059,0
12060,1
12062,3
12064,3
12067,1
12069,0
12074,3
12075,3
12077,3
12079,0
12085,0
12089,3
12090,0
12091,3
12092,3
12094,3
12100,3
12102,3
12105,3
12107,2
12111,0
12115,3
12118,0
12120,0
12123,2
12124,1
12126,0
12127,3
12128,3
12129,3
12130,3
12131,3
12132,0
12133,3
12134,3
12138,0
12139,0
12141,2
12142,1
12143,3
12147,1
12150,3
12151,0
12156,3
12157,3
12158,1
12159,3
12160,1
12161,2
12167,0
12168,3
12169,0
12172,0
12173,3
12175,1
12176,1
12180,2
12186,3
12189,3
12190,3
12192,3
12194,0
12197,3
12200,0
12201,2
12205,3
12210,0
12211,3
12213,3
12216,2
12217,3
12218,3
12219,0
12220,3
12221,0
12223,3
12226,3
12228,3
12229,3
12230,0
12232,3
12239,1
12241,0
12242,0
12246,1
12247,0
12249,2
12251,3
12252,3
12253,2
12254,3
12256,3
12257,3
12263,0
12268,3
12272,3
12273,3
12275,3
12276,0
12283,1
12285,1
12286,3
12288,3
12289,3
12292,2
12294,3
12295,0
12296,0
12297,3
12298,1
12299,3
12302,3
12303,3
12304,3
12305,3
12306,3
12308,3
12309,3
12312,1
12313,0
12316,3
12317,3
12318,3
12320,2
12321,3
12328,1
12332,0
12338,3
12339,0
12340,3
12341,3
12343,3
12346,1
12350,1
12351,2
12354,3
12356,2
12357,0
12359,2
12360,3
12361,2
12362,0
12363,3
12369,3
12370,3
12372,3
12380,3
12381,3
12382,3
12383,3
12385,3
12386,1
12387,3
12389,2
12393,0
12396,1
12397,0
12399,0
12401,3
12403,2
12407,1
12409,3
12410,2
12413,0
12416,1
12420,3
12424,2
12426,0
12427,2
12430,3
12431,0
12434,0
12435,3
12437,0
12440,3
12441,3
12442,1
12443,3
12444,2
12445,2
12452,3
12454,1
12458,3
12465,2
12469,3
12470,0
12472,3
12474,0
12478,3
12479,2
12480,0
12482,3
12483,1
12484,0
12485,1
12488,3
12491,3
12494,2
12498,3
12501,2
12502,3
12504,1
12505,3
12510,3
12513,3
12514,1
12515,3
12516,3
12517,3
12520,0
12521,0
12524,1
12525,3
12530,3
12532,3
12537,3
12538,2
12539,3
12543,2
12545,1
12546,3
12547,3
12549,3
12550,1
12551,0
12554,3
12555,1
12558,3
12564,0
12567,3
12569,1
12570,3
12572,0
12575,0
12576,1
12578,3
12579,3
12580,3
12581,3
12582,0
12586,3
12587,3
12589,1
12592,0
12595,3
12597,3
12600,2
12603,2
12604,3
12607,3
12608,1
12610,2
12613,2
12614,2
12615,3
12618,3
12619,3
12621,0
12622,3
12625,0
12626,3
12627,0
12629,3
12630,1
12631,0
12633,3
12635,0
12644,3
12645,0
12647,1
12648,2
12650,0
12651,1
12653,3
12654,3
12655,2
12656,0
12657,0
12658,0
12662,0
12663,3
12664,1
12668,0
12669,3
12672,1
12676,3
12678,3
12679,0
12685,3
12687,3
12689,1
12693,1
12703,2
12704,3
12705,3
12708,3
12709,1
12710,3
12712,3
12714,2
12716,3
12719,0
12720,1
12722,2
12723,3
12725,3
12733,3
12734,0
12735,1
12738,1
12742,3
12744,1
12745,3
12747,3
12748,3
12751,3
12752,3
12753,1
12754,1
12755,3
12757,0
12758,1
12764,3
12766,3
12767,1
12768,0
12769,3
12771,2
12780,3
12781,1
12782,3
12784,3
12786,0
12798,3
12801,3
12802,0
12808,0
12814,3
12815,2
12816,1
12817,2
12818,2
12822,0
12825,3
12828,0
12829,2
12831,3
12836,0
12838,0
12839,3
12840,3
12841,3
12843,2
12845,3
12847,2
12848,1
12849,3
12850,3
12852,1
12859,3
12861,3
12862,3
12872,0
12873,1
12874,0
12876,1
12877,3
12878,3
12879,3
12880,1
12881,0
12882,3
12883,3
12885,0
12886,3
12888,1
12889,2
12891,3
12892,2
12894,2
12895,2
12897,0
12898,3
12899,0
12903,3
12904,3
12908,1
12912,3
12914,1
12915,3
12919,2
12920,3
12921,3
12922,0
12923,2
12926,2
12928,1
12932,0
12933,2
12935,3
12936,3
12941,0
12943,2
12946,0
12947,3
12948,1
12949,3
12951,1
12953,2
12954,1
12955,1
12957,3
12958,1
12962,1
12963,3
12964,2
12967,0
12970,2
12971,3
12973,1
12974,2
12975,3
12977,3
12978,3
12982,1
12983,1
12985,3
12986,2
12988,1
12989,1
12990,2
12991,3
12992,3
12995,3
12998,3
12999,0
13000,3
13003,0
13005,1
13006,3
13010,3
13013,1
13014,0
13015,1
13016,3
13017,3
13020,3
13022,3
13024,3
13028,3
13029,0
13034,0
13039,3
13040,0
13041,3
13044,3
13050,0
13051,3
13052,3
13054,0
13055,3
13056,3
13057,3
13060,3
13063,3
13064,0
13066,0
13069,2
13071,3
13073,3
13076,3
13077,1
13079,0
13081,3
13086,3
13088,0
13090,0
13095,2
13098,0
13100,0
13102,3
13105,3
13107,2
13108,3
13110,3
13112,3
13113,3
13114,0
13118,3
13119,3
13124,1
13125,3
13126,2
13127,1
13130,3
13131,1
13135,0
13137,3
13146,3
13148,3
13152,0
13155,2
13156,1
13161,0
13163,0
13164,3
13166,3
13168,2
13169,3
13170,0
13173,0
13174,3
13179,3
13181,1
13188,0
13198,3
13199,3
13200,1
13201,3
13202,1
13203,3
13204,3
13206,3
13209,1
13213,1
13215,3
13216,1
13220,3
13224,0
13232,3
13234,3
13236,1
13238,3
13239,3
13240,3
13243,3
13245,0
13246,1
13250,3
13251,1
13252,0
13253,3
13255,2
13256,0
13258,1
13259,2
13261,1
13267,2
13270,3
13271,2
13273,3
13278,3
13280,3
13281,1
13284,3
13285,3
13286,0
13288,3
13291,3
13295,3
13298,3
13299,3
13302,3
13304,2
13306,3
13309,3
13310,0
13313,1
13317,0
13319,3
13327,0
13328,0
13332,3
13334,2
13335,3
13338,3
13340,3
13342,3
13345,1
13346,3
13347,2
13349,3
13351,3
13352,1
13355,3
13356,3
13358,3
13360,3
13362,2
13363,1
13367,2
13371,3
13373,3
13374,3
13375,1
13378,3
13383,3
13385,3
13393,1
13395,0
13396,3
13398,3
13400,1
13402,3
13403,3
13405,3
13406,3
13407,3
13409,3
13412,3
13416,0
13417,1
13418,3
13421,3
13422,2
13423,3
13426,3
13427,0
13428,0
13429,0
13432,3
13434,3
13435,3
13437,3
13440,3
13441,2
13446,3
13448,1
13450,3
13454,2
13455,1
13456,1
13459,2
13462,2
13463,3
13466,0
13471,3
13475,3
13476,3
13477,3
13480,3
13481,1
13483,3
13486,3
13488,0
13490,2
13491,3
13494,0
13497,3
13498,3
13500,3
13504,3
13505,2
13509,3
13512,3
13513,1
13514,3
13515,1
13516,3
13518,3
13522,3
13525,3
13526,2
13528,1
13530,2
13532,0
13533,3
13537,3
13538,3
13539,2
13540,3
13541,3
13542,3
13543,3
13546,2
13547,3
13548,3
13549,3
13551,1
13553,1
13555,3
13556,3
13559,0
13560,2
13561,0
13562,2
13567,1
13568,3
13569,3
13570,3
13574,3
13582,2
13585,0
13587,3
13588,2
13589,3
13590,0
13592,3
13596,3
13598,3
13602,0
13604,2
13606,0
13610,3
13612,3
13613,0
13616,3
13617,3
13619,1
13620,2
13621,3
13624,0
13626,1
13628,3
13630,3
13632,1
13633,2
13635,1
13637,3
13641,0
13642,0
13643,0
13645,3
13647,0
13648,0
13649,3
13650,3
13653,0
13654,0
13655,1
13659,3
13660,3
13662,3
13664,0
13667,2
13668,0
13669,1
13670,2
13671,1
13672,2
13673,3
13674,2
13676,2
13678,3
13679,1
13682,1
13683,1
13686,1
13689,1
13690,2
13693,3
13694,3
13695,1
13696,1
13697,1
13698,3
13699,1
13704,3
13705,0
13707,3
13710,3
13716,3
13718,3
13723,2
13724,3
13726,0
13728,1
13730,3
13731,1
13732,3
13734,1
13735,3
13738,3
13740,3
13743,0
13745,3
13746,3
13749,1
13750,3
13751,2
13756,3
13762,3
13763,1
13771,0
13774,3
13775,3
13777,1
13778,3
13782,3
13784,1
13788,3
13791,3
13792,2
13794,1
13795,1
13797,3
13798,3
13799,3
13801,3
13802,3
13808,3
13810,0
13812,3
13813,1
13820,3
13821,1
13822,1
13824,3
13825,0
13827,2
13829,3
13831,1
13834,0
13836,3
13838,3
13839,3
13840,3
13844,3
13846,0
13847,3
13852,1
13855,2
13856,2
13857,3
13861,3
13862,2
13864,3
13865,3
13867,3
13868,1
13869,3
13871,0
13880,3
13882,0
13884,1
13885,2
13886,3
13887,3
13888,3
13889,3
13890,3
13891,3
13892,3
13895,0
13901,0
13902,1
13904,0
13905,0
13907,3
13911,3
13914,3
13916,0
13919,3
13921,3
13922,0
13923,3
13924,1
13925,3
13927,3
13928,2
13929,0
13930,1
13931,1
13932,1
13939,3
13942,3
13943,3
13945,1
13947,3
13948,0
13951,3
13952,2
13953,1
13954,3
13958,3
13959,1
13967,1
13968,3
13974,1
13975,0
13978,3
13979,3
13980,3
13981,1
13982,3
13983,3
13984,2
13988,3
13990,3
13991,3
13992,2
13993,3
13998,3
14002,0
14003,3
14007,3
14008,2
14010,2
14011,1
14013,3
14016,0
14017,2
14019,3
14020,2
14021,3
14022,3
14023,0
14029,2
14034,3
14037,1
14039,1
14041,1
14042,0
14043,0
14045,0
14046,2
14048,3
14049,3
14051,3
14053,3
14054,3
14055,3
14056,3
14060,3
14062,3
14063,3
14065,3
14070,3
14073,1
14074,3
14076,3
14078,0
14081,3
14082,1
14086,3
14088,0
14089,3
14091,3
14093,0
14094,3
14098,3
14099,3
14100,2
14104,3
14105,3
14107,1
14109,3
14110,3
14112,0
14114,0
14117,3
14120,0
14122,3
14124,1
14125,0
14127,0
14128,2
14129,0
14130,1
14134,0
14135,1
14136,3
14137,2
14139,1
14140,2
14142,2
14146,3
14148,1
14151,1
14154,3
14155,0
14157,3
14161,3
14164,0
14165,3
14166,1
14170,3
14171,3
14173,0
14175,0
14179,0
14182,3
14185,3
14186,3
14187,3
14188,0
14190,1
14191,3
14192,3
14193,1
14194,0
14196,3
14197,1
14201,3
14202,0
14203,3
14205,0
14209,1
14212,3
14219,1
14221,0
14222,3
14223,3
14224,0
14225,3
14226,0
14232,2
14233,3
14234,3
14235,3
14240,3
14242,3
14244,2
14249,3
14250,0
14254,1
14257,1
14259,3
14261,3
14262,3
14263,0
14265,3
14269,1
14270,2
14271,1
14276,3
14277,3
14278,1
14280,3
14285,0
14286,3
14288,3
14289,3
14290,3
14291,3
14293,2
14296,3
14298,3
14299,0
14300,0
14301,0
14302,3
14304,0
14305,3
14310,3
14315,3
14316,1
14318,1
14319,3
14320,1
14322,1
14323,1
14324,1
14325,3
14326,0
14327,3
14328,1
14329,3
14331,2
14334,3
14335,3
14336,3
14337,1
14338,0
14342,3
14344,3
14345,2
14347,3
14348,3
14349,3
14350,2
14351,0
14353,0
14355,3
14358,1
14360,2
14363,3
14364,1
14366,2
14370,3
14371,0
14374,0
14376,0
14377,2
14380,3
14383,1
14384,0
14387,3
14388,2
14391,3
14392,3
14393,3
14399,2
14405,2
14407,0
14408,3
14411,3
14412,0
14414,3
14415,3
14417,3
14418,3
14419,3
14422,1
14423,1
14425,3
14426,1
14432,0
14433,3
14435,3
14436,1
14437,2
14443,2
14447,3
14448,0
14449,3
14450,3
14451,3
14454,3
14455,0
14456,1
14457,1
14458,3
14461,3
14463,1
14466,3
14468,0
14470,0
14471,3
14474,2
14475,3
14476,0
14478,3
14481,1
14482,1
14483,2
14485,3
14487,3
14488,3
14490,2
14491,3
14498,1
14500,3
14503,1
14505,3
14507,3
14508,1
14509,0
14513,3
14514,3
14522,1
14523,3
14528,3
14530,3
14531,3
14532,2
14534,3
14535,3
14536,3
14538,3
14539,3
14540,2
14543,1
14544,0
14545,3
14549,1
14550,3
14551,0
14554,1
14558,2
14559,3
14560,3
14563,0
14567,1
14569,1
14570,0
14571,3
14574,3
14575,1
14578,1
14579,3
14580,2
14585,0
14588,2
14591,2
14594,3
14596,3
14606,2
14607,2
14618,3
14619,0
14621,1
14623,2
14626,3
14627,1
14628,3
14629,3
14630,2
14631,0
14634,2
14635,3
14637,3
14641,3
14643,1
14644,2
14646,2
14648,3
14650,0
14652,2
14653,3
14657,0
14658,0
14662,0
14664,3
14665,0
14667,3
14669,3
14670,2
14671,3
14673,0
14675,2
14678,3
14679,3
14680,2
14681,3
14685,3
14691,3
14692,3
14693,0
14695,3
14696,1
14699,3
14700,3
14704,3
14705,0
14706,2
14707,3
14708,3
14714,3
14715,0
14716,0
14718,3
14720,2
14724,3
14726,1
14729,1
14730,3
14733,3
14736,0
14737,3
14739,3
14740,3
14741,0
14742,2
14743,0
14744,2
14745,1
14747,0
14749,0
14753,0
14754,2
14761,3
14765,3
14768,1
14769,3
14770,3
14771,0
14776,2
14777,2
14778,2
14780,2
14782,3
14784,1
14786,2
14790,1
14791,0
14792,3
14794,3
14795,3
14796,0
14797,2
14802,3
14804,1
14806,3
14808,3
14810,3
14815,1
14816,3
14818,0
14820,0
14821,3
14828,1
14829,2
14830,1
14832,3
14837,3
14839,0
14840,1
14846,3
14850,1
14851,0
14852,1
14853,3
14854,3
14855,0
14856,3
14864,3
14866,3
14871,0
14873,2
14875,3
14876,3
14877,0
14879,1
14880,3
14885,0
14886,3
14889,0
14891,2
14892,2
14897,3
14900,3
14903,2
14905,3
14906,3
14907,3
14909,2
14911,3
14912,3
14913,3
14917,2
14918,2
14919,2
14920,0
14921,3
14922,3
14925,0
14927,1
14930,3
14933,3
14934,3
14936,3
14938,1
14939,0
14944,3
14945,3
14946,3
14947,3
14948,3
14950,3
14955,3
14956,0
14957,3
14960,3
14961,3
14963,3
14966,3
14968,1
14969,3
14971,3
14975,3
14984,0
14989,3
14991,0
14992,3
14994,1
14997,1
14998,3
14999,3
15002,3
15005,3
15006,1
15007,2
15008,3
15009,0
15013,0
15014,3
15020,2
15023,3
15025,0
15028,2
15029,3
15030,2
15032,3
15034,1
15035,3
15036,3
15040,3
15043,2
15048,0
15050,0
15051,1
15053,3
15054,2
15055,2
15057,3
15059,0
15060,0
15062,3
15063,3
15064,0
15065,3
15067,3
15070,1
15071,3
15073,0
15077,0
15078,2
15082,1
15087,3
15088,2
15091,1
15092,3
15093,2
15094,3
15097,3
15102,1
15103,3
15106,0
15108,1
15109,2
15110,3
15113,3
15114,1
15115,3
15120,3
15122,3
15124,1
15125,3
15126,2
15127,0
15129,3
15133,3
15135,3
15139,3
15141,1
15143,0
15144,2
15146,0
15150,1
15152,3
15153,2
15155,2
15158,3
15163,3
15167,3
15168,3
15169,3
15171,3
15175,2
15177,1
15182,3
15184,3
15185,0
15186,0
15187,1
15188,2
15191,3
15193,1
15196,3
15197,1
15199,0
15200,3
15201,0
15206,3
15207,0
15209,3
15210,0
15215,3
15217,2
15218,3
15219,3
15221,3
15226,0
15227,2
15228,3
15229,1
15230,3
15231,3
15233,2
15234,3
15237,3
15238,3
15239,3
15240,3
15247,0
15248,3
15256,3
15257,2
15259,2
15260,1
15262,3
15266,3
15268,1
15269,3
15271,3
15272,2
15273,3
15275,2
15278,3
15279,1
15283,1
15284,3
15285,3
15286,0
15287,1
15288,1
15289,1
15290,3
15291,2
15292,3
15294,3
15297,2
15298,3
15300,3
15303,0
15306,0
15309,2
15311,0
15315,3
15319,2
15321,3
15325,0
15326,2
15327,3
15331,3
15332,1
15333,2
15334,1
15336,1
15337,0
15342,1
15343,2
15344,0
15347,2
15354,0
15356,2
15360,0
15361,2
15365,0
15367,1
15371,2
15373,3
15377,2
15380,3
15382,2
15383,3
15384,3
15387,0
15389,1
15390,0
15391,2
15395,3
15396,0
15399,3
15403,1
15405,1
15410,3
15413,3
15415,3
15416,3
15417,0
15418,1
15420,3
15422,3
15423,2
15424,3
15426,3
15427,2
15430,3
15432,3
15435,0
15436,3
15438,3
15441,3
15442,2
15443,0
15449,2
15452,1
15453,3
15461,1
15463,1
15467,3
15468,3
15469,3
15470,3
15473,3
15474,3
15475,3
15478,3
15479,1
15482,2
15483,3
15486,3
15487,3
15489,0
15490,3
15491,1
15493,2
15498,3
15500,3
15501,3
15503,1
15506,0
15508,1
15509,0
15510,1
15512,1
15515,1
15517,2
15518,2
15519,2
15522,1
15523,0
15524,3
15532,1
15533,0
15536,1
15537,2
15538,3
15540,3
15542,3
15544,3
15547,0
15549,3
15550,0
15552,3
15554,3
15560,1
15563,2
15564,3
15565,2
15566,1
15569,3
15573,3
15575,3
15576,3
15580,3
15585,3
15587,3
15592,0
15595,0
15596,0
15599,3
15600,3
15602,1
15603,1
15605,3
15606,0
15609,2
15612,1
15614,0
15615,1
15616,0
15617,0
15621,1
15622,1
15623,0
15624,1
15626,2
15627,0
15629,3
15635,3
15637,3
15638,3
15640,0
15641,3
15643,3
15644,3
15645,2
15647,2
15648,0
15649,1
15653,2
15654,3
15655,3
15656,1
15657,3
15658,2
15659,3
15662,3
15664,2
15666,1
15668,1
15669,3
15670,3
15671,0
15673,0
15675,3
15676,3
15679,3
15682,1
15684,1
15685,0
15686,1
15689,3
15691,2
15694,1
15695,1
15696,1
15698,3
15699,3
15701,3
15702,0
15703,1
15707,3
15710,3
15714,3
15715,0
15717,3
15719,3
15721,3
15723,2
15728,3
15729,2
15733,2
15734,3
15735,0
15736,3
15737,0
15739,3
15740,1
15742,2
15744,1
15752,0
15753,3
15754,3
15755,2
15757,3
15759,3
15760,3
15761,3
15763,3
15764,3
15765,2
15766,0
15767,0
15769,3
15770,3
15771,3
15772,0
15773,3
15774,2
15775,1
15778,1
15779,1
15781,2
15788,2
15791,3
15796,3
15799,0
15802,3
15803,0
15804,1
15805,3
15807,2
15809,3
15814,3
15816,3
15819,3
15820,1
15821,3
15822,3
15823,3
15825,3
15827,2
15829,0
15830,3
15831,0
15832,0
15834,3
15835,0
15836,0
15838,1
15840,2
15841,1
15850,3
15853,2
15854,1
15855,1
15861,1
15867,3
15868,2
15872,0
15875,3
15878,2
15879,3
15881,1
15884,2
15886,3
15887,0
15888,3
15890,3
15892,3
15895,1
15896,1
15897,0
15898,3
15899,3
15902,3
15905,1
15909,3
15910,3
15911,1
15912,1
15920,3
15924,2
15926,3
15927,2
15928,1
15930,3
15932,3
15933,2
15936,1
15938,0
15939,3
15941,3
15942,3
15943,2
15944,0
15947,3
15948,2
15949,3
15954,2
15956,3
15957,3
15960,3
15964,3
15965,0
15967,2
15968,3
15971,3
15972,3
15973,3
15975,1
15977,2
15979,3
15980,3
15984,0
15985,3
15986,0
15994,1
15996,1
15998,3
15999,3
16000,2
16003,0
16006,0
16008,3
16011,1
16014,0
16019,1
16020,0
16021,3
16022,3
16024,0
16025,2
16026,1
16028,3
16030,3
16034,3
16036,3
16037,0
16038,2
16040,3
16041,3
16044,1
16045,3
16046,3
16047,3
16054,0
16056,3
16057,2
16058,3
16059,3
16060,3
16061,2
16062,3
16063,3
16064,1
16067,1
16069,3
16071,3
16077,3
16078,3
16084,1
16088,1
16089,3
16090,3
16095,3
16098,2
16103,0
16107,3
16109,3
16110,3
16111,3
16112,2
16114,3
16116,1
16117,3
16118,2
16122,3
16128,0
16129,1
16130,1
16134,2
16137,3
16140,3
16142,3
16147,3
16149,3
16150,1
16151,3
16152,2
16154,0
16156,0
16157,1
16163,3
16166,3
16171,2
16173,2
16178,3
16182,3
16188,2
16189,1
16191,2
16196,0
16197,3
16199,3
16202,3
16203,2
16205,0
16206,0
16207,3
16215,1
16218,3
16220,1
16221,0
16223,3
16224,3
16225,3
16227,3
16230,1
16231,3
16232,1
16233,3
16234,0
16238,3
16239,3
16241,0
16243,0
16245,0
16246,3
16247,1
16249,1
16253,1
16255,3
16256,3
16257,3
16259,0
16264,3
16265,0
16266,3
16267,3
16268,3
16269,0
16271,2
16272,3
16273,3
16275,0
16279,3
16282,3
16287,3
16288,1
16289,1
16290,2
16291,3
16292,0
16294,3
16297,3
16298,3
16301,2
16302,0
16303,1
16304,3
16306,0
16313,3
16314,3
16320,2
16321,3
16325,3
16328,3
16329,0
16330,0
16331,2
16333,2
16335,0
16336,3
16337,3
16338,3
16339,1
16340,3
16341,0
16342,1
16347,3
16349,3
16350,3
16351,3
16353,1
16356,2
16357,3
16358,2
16359,3
16361,3
16362,3
16363,3
16364,3
16365,3
16370,0
16371,3
16373,3
16379,2
16381,1
16383,0
16386,3
16389,0
16390,3
16391,3
16393,0
16394,3
16395,1
16396,1
16401,0
16404,3
16405,0
16407,1
16408,3
16411,3
16413,3
16414,3
16418,3
16421,0
16423,3
16427,3
16433,3
16434,3
16438,2
16439,1
16440,2
16441,1
16446,0
16449,0
16452,1
16455,2
16459,2
16461,3
16463,3
16465,1
16468,0
16469,1
16472,2
16473,2
16474,3
16480,3
16482,3
16483,1
16485,3
16486,3
16487,1
16488,1
16489,0
16490,1
16491,3
16492,0
16493,2
16494,3
16495,3
16497,3
16499,0
16504,3
16505,1
16506,3
16508,3
16510,3
16511,3
16516,3
16520,2
16521,2
16522,3
16531,3
16533,0
16537,3
16538,0
16540,1
16541,3
16543,3
16544,0
16546,1
16548,3
16550,0
16551,0
16553,2
16556,2
16557,1
16564,3
16568,3
16572,0
16577,2
16579,1
16580,1
16581,2
16583,2
16587,3
16590,3
16591,0
16592,3
16594,3
16595,3
16596,1
16598,0
16600,3
16607,3
16615,3
16616,2
16617,3
16622,3
16623,0
16624,0
16626,3
16627,3
16628,3
16629,2
16633,3
16634,3
16636,0
16639,1
16640,0
16642,0
16645,2
16648,3
16652,0
16653,3
16654,3
16655,3
16656,3
16657,2
16660,2
16664,0
16668,2
16669,0
16670,3
16671,1
16672,2
16673,3
16684,1
16685,3
16689,1
16691,3
16692,3
16693,2
16697,2
16700,2
16707,2
16708,3
16711,3
16713,2
16715,3
16718,1
16721,2
16727,3
16729,1
16732,3
16734,3
16735,3
16737,2
16739,2
16741,2
16742,3
16744,1
16748,3
16750,3
16753,3
16754,3
16755,2
16757,2
16758,3
16759,3
16763,3
16765,0
16766,3
16773,3
16777,1
16778,3
16779,1
16786,1
16787,3
16794,2
16795,1
16796,1
16799,3
16800,0
16804,3
16805,3
16806,2
16807,3
16809,2
16810,3
16811,3
16813,0
16814,0
16820,3
16825,2
16829,0
16830,0
16834,3
16836,3
16839,3
16841,3
16842,2
16844,1
16848,3
16849,1
16850,3
16853,2
16854,3
16855,2
16857,0
16858,0
16862,3
16870,3
16871,3
16872,3
16873,0
16876,3
16884,3
16886,0
16889,1
16892,0
16894,2
16902,2
16904,2
16909,3
16911,3
16913,2
16915,3
16916,3
16919,0
16925,1
16926,0
16928,3
16929,2
16933,2
16938,1
16939,3
16940,3
16945,3
16946,3
16953,1
16954,3
16955,3
16957,0
16958,2
16959,3
16960,3
16961,3
16962,3
16964,2
16965,3
16975,1
16976,3
16977,3
16979,3
16980,3
16982,3
16984,0
16985,2
16987,1
16988,0
16989,0
16990,3
16991,0
16996,2
16997,2
17003,0
17005,1
17006,3
17007,2
17009,0
17010,3
17011,3
17014,3
17015,3
17017,3
17018,1
17024,0
17025,0
17026,2
17027,3
17033,3
17037,3
17038,0
17039,3
17041,3
17044,0
17046,0
17054,1
17055,3
17057,1
17058,3
17059,1
17061,0
17063,3
17066,3
17068,3
17071,3
17072,1
17073,3
17083,3
17085,3
17086,3
17087,1
17090,3
17094,3
17095,3
17096,3
17098,1
17099,3
17100,3
17101,1
17103,1
17104,2
17106,1
17107,0
17108,0
17111,3
17112,0
17113,1
17115,3
17118,3
17120,2
17122,3
17126,3
17127,3
17130,3
17132,3
17133,3
17135,1
17137,1
17139,3
17141,3
17143,3
17144,3
17145,0
17149,2
17152,1
17153,2
17155,3
17157,0
17160,3
17161,3
17166,0
17167,2
17168,0
17169,3
17170,2
17172,1
17174,0
17175,3
17178,3
17181,0
17184,3
17186,3
17187,1
17188,2
17190,0
17194,3
17197,3
17201,3
17202,0
17203,3
17205,2
17208,0
17209,3
17211,1
17212,3
17213,3
17215,3
17220,3
17221,2
17222,0
17227,1
17229,1
17231,3
17234,2
17239,3
17241,2
17242,3
17243,0
17245,3
17246,2
17247,0
17248,3
17249,3
17250,3
17252,3
17258,3
17262,0
17265,3
17267,3
17268,3
17269,0
17270,3
17272,3
17273,1
17276,1
17277,3
17278,3
17281,3
17282,2
17284,3
17285,3
17287,0
17288,3
17289,3
17290,3
17295,3
17297,0
17298,3
17299,0
17300,3
17305,3
17307,2
17311,0
17314,3
17315,3
17317,3
17318,3
17321,3
17323,2
17325,3
17326,0
17330,3
17331,0
17334,3
17335,0
17337,3
17339,1
17340,1
17341,1
17342,1
17347,1
17350,3
17351,3
17356,0
17357,3
17358,0
17362,0
17364,3
17365,2
17372,1
17373,1
17375,3
17377,2
17378,1
17379,3
17381,1
17382,0
17383,3
17384,2
17385,3
17388,2
17389,1
17390,3
17392,3
17393,2
17397,1
17406,3
17408,1
17412,3
17415,3
17418,3
17421,3
17423,1
17430,3
17432,2
17433,3
17435,0
17436,0
17437,1
17439,0
17440,0
17442,3
17444,3
17445,3
17446,0
17448,3
17449,3
17450,1
17452,3
17456,3
17462,2
17463,3
17464,2
17466,2
17468,3
17469,3
17475,0
17476,3
17478,3
17481,1
17484,3
17487,3
17488,3
17489,3
17491,2
17492,0
17494,3
17495,3
17497,0
17498,3
17500,2
17505,1
17509,0
17511,3
17514,1
17515,3
17519,3
17523,2
17524,3
17525,2
17526,3
17527,3
17537,3
17538,1
17539,3
17540,3
17542,3
17544,1
17545,3
17547,0
17549,0
17551,3
17552,0
17555,3
17556,0
17557,2
17558,3
17559,3
17560,1
17561,1
17563,2
17564,3
17565,3
17566,1
17567,1
17568,0
17569,3
17570,3
17571,0
17572,3
17573,3
17574,0
17575,0
17576,3
17577,3
17579,3
17580,1
17581,3
17583,0
17585,0
17586,3
17589,1
17590,1
17591,1
17593,1
17594,3
17595,0
17596,1
17598,1
17602,0
17604,3
17605,3
17606,3
17609,0
17611,2
17612,0
17616,3
17618,0
17620,2
17621,1
17622,2
17624,3
17626,3
17627,3
17629,3
17631,3
17633,3
17634,1
17635,0
17640,0
17641,3
17642,3
17643,3
17646,3
17647,0
17650,2
17651,1
17656,1
17658,3
17659,3
17661,3
17663,3
17666,3
17668,1
17670,0
17674,3
17679,3
17683,1
17687,3
17690,3
17702,3
17705,3
17706,3
17709,1
17711,0
17713,3
17715,3
17721,1
17723,3
17724,2
17726,3
17730,1
17733,3
17742,2
17747,3
17749,3
17753,1
17756,1
17757,3
17759,3
17761,3
17767,0
17768,1
17772,3
17773,3
17775,1
17778,0
17779,3
17781,3
17782,2
17784,3
17785,2
17787,1
17790,3
17793,3
17794,0
17796,2
17808,0
17811,3
17812,3
17817,3
17820,1
17821,3
17823,3
17824,0
17826,3
17827,3
17830,1
17832,3
17837,0
17842,3
17846,3
17848,3
17851,1
17852,3
17857,1
17858,3
17859,3
17863,3
17864,3
17865,3
17868,3
17870,3
17871,1
17872,3
17876,2
17880,3
17881,3
17882,3
17887,0
17889,3
17896,0
17898,2
17899,3
17901,3
17910,3
17911,2
17912,3
17914,3
17916,0
17917,3
17918,3
17920,3
17924,3
17925,3
17928,2
17929,3
17930,0
17933,3
17934,0
17936,2
17938,3
17939,2
17940,0
17943,2
17944,3
17947,3
17949,1
17952,3
17954,3
17956,3
17960,3
17962,0
17964,1
17965,3
17966,3
17967,2
17972,3
17975,3
17978,1
17979,0
17980,3
17981,0
17985,1
17986,3
17988,3
17990,2
17998,2
17999,1
18000,3
18002,1
18008,3
18011,1
18012,3
18013,3
18014,3
18016,0
18018,3
18021,3
18023,1
18026,1
18033,3
18036,3
18040,0
18041,3
18042,2
18044,3
18047,2
18048,3
18050,3
18052,1
18059,2
18060,1
18065,3
18068,3
18070,3
18076,2
18079,3
18082,1
18083,1
18085,3
18090,3
18091,2
18092,3
18093,0
18096,3
18098,2
18099,2
18100,0
18101,0
18102,1
18104,2
18107,3
18109,1
18110,3
18114,3
18116,3
18119,2
18125,2
18128,1
18129,0
18130,0
18135,3
18136,3
18137,1
18138,0
18139,3
18141,0
18144,1
18150,3
18151,3
18152,3
18156,3
18157,3
18158,3
18161,2
18162,0
18166,3
18167,3
18172,3
18173,3
18178,3
18187,2
18191,3
18194,3
18195,3
18196,0
18197,2
18199,1
18200,1
18203,1
18204,3
18205,0
18206,3
18207,3
18208,3
18209,3
18211,3
18212,3
18214,0
18215,1
18216,0
18217,3
18219,2
18220,0
18222,3
18223,3
18224,0
18227,0
18229,0
18230,3
18232,2
18235,1
18236,1
18243,0
18244,1
18245,1
18246,0
18247,3
18248,3
18249,0
18251,0
18254,2
18259,3
18266,2
18267,1
18268,0
18269,0
18272,3
18273,3
18275,1
18277,3
18279,2
18283,3
18284,2
18285,3
18288,3
18289,3
18290,3
18299,1
18301,3
18306,2
18307,0
18308,3
18315,0
18316,1
18317,3
18321,0
18322,2
18323,3
18324,3
18326,3
18327,3
18328,1
18329,3
18335,3
18336,3
18339,2
18346,3
18347,3
18348,3
18349,1
18350,2
18356,3
18359,3
18360,3
18361,3
18362,3
18365,3
18371,1
18375,3
18383,3
18386,2
18387,3
18388,3
18390,2
18396,0
18399,3
18400,3
18401,3
18406,0
18414,3
18419,1
18422,0
18425,3
18429,3
18432,3
18433,3
18434,3
18435,3
18437,3
18438,1
18439,3
18440,3
18441,1
18442,3
18444,3
18447,3
18449,3
18451,2
18453,0
18454,3
18457,3
18460,3
18461,3
18462,1
18464,3
18465,3
18467,3
18472,3
18473,1
18474,3
18475,3
18478,3
18479,3
18481,1
18482,2
18490,3
18491,1
18492,2
18494,3
18496,3
18498,3
18499,2
18504,3
18509,3
18514,3
18516,3
18522,3
18523,3
18524,3
18529,3
18531,1
18532,2
18533,2
18534,3
18536,3
18539,1
18542,3
18546,3
18548,3
18553,3
18556,0
18558,3
18560,3
18561,3
18565,2
18567,3
18571,3
18572,3
18576,1
18579,2
18581,1
18583,3
18591,2
18592,0
18595,3
18596,1
18598,3
18599,3
18600,3
18601,3
18602,3
18604,0
18605,2
18608,3
18609,2
18610,3
18611,3
18612,0
18613,2
18616,3
18620,3
18621,3
18623,2
18624,1
18625,3
18626,3
18633,1
18638,3
18639,3
18640,3
18644,2
18648,0
18649,3
18653,3
18655,3
18656,3
18659,2
18660,3
18661,3
18662,3
18667,0
18671,1
18673,0
18674,0
18679,3
18680,3
18681,0
18682,3
18683,3
18687,2
18690,2
18691,3
18697,1
18698,3
18699,1
18704,3
18706,3
18707,1
18713,3
18715,3
18718,3
18721,3
18725,3
18729,0
18730,1
18735,3
18738,2
18740,3
18742,3
18744,3
18746,0
18752,3
18754,3
18755,2
18756,0
18762,3
18764,1
18769,3
18772,3
18776,1
18779,3
18781,2
18782,3
18784,1
18785,2
18791,1
18794,1
18798,3
18799,0
18804,2
18805,2
18811,3
18812,1
18813,3
18816,1
18817,3
18818,3
18821,2
18822,3
18824,3
18825,3
18827,2
18831,3
18832,0
18833,2
18834,0
18835,1
18839,3
18843,3
18845,3
18847,3
18848,3
18851,3
18852,2
18854,3
18857,3
18861,3
18862,3
18863,3
18864,3
18867,1
18870,3
18871,3
18873,1
18874,1
18875,3
18876,3
18877,3
18879,0
18883,1
18889,3
18890,3
18891,1
18892,3
18895,2
18897,1
18900,3
18910,1
18912,0
18913,2
18915,3
18917,1
18923,2
18926,3
18930,3
18931,3
18934,1
18936,3
18937,3
18938,1
18939,0
18941,3
18942,0
18947,0
18948,3
18951,3
18953,2
18954,0
18956,1
18960,3
18964,3
18965,3
18966,3
18969,3
18970,3
18971,3
18972,1
18975,2
18977,3
18980,3
18983,1
18984,0
18985,3
18987,3
18988,0
18993,3
18994,3
18995,3
18999,3
19003,0
19006,0
19010,3
19012,3
19015,2
19022,3
19024,3
19025,3
19026,0
19028,3
19034,0
19038,1
19044,3
19050,3
19051,3
19053,0
19054,2
19055,3
19057,3
19059,2
19060,1
19061,3
19065,2
19066,3
19068,1
19069,3
19070,1
19071,1
19073,3
19076,3
19078,2
19079,3
19080,3
19081,3
19083,3
19085,1
19086,2
19090,3
19091,3
19094,3
19095,2
19096,3
19099,3
19100,3
19101,3
19102,2
19103,2
19105,2
19108,3
19109,3
19115,0
19118,3
19119,3
19120,3
19121,3
19122,3
19123,3
19125,3
19128,3
19131,3
19133,1
19136,0
19137,2
19142,3
19145,3
19150,2
19151,2
19152,3
19153,2
19158,3
19159,0
19160,3
19162,3
19164,1
19167,2
19168,3
19170,3
19172,3
19173,3
19174,3
19176,3
19178,2
19183,2
19184,1
19185,0
19188,2
19189,0
19190,3
19194,0
19195,0
19196,3
19197,3
19199,0
19203,1
19205,3
19206,3
19207,3
19211,3
19214,0
19216,3
19218,1
19219,3
19220,3
19221,0
19222,3
19224,3
19225,3
19227,0
19230,3
19233,0
19235,3
19236,0
19238,1
19239,2
19243,2
19247,2
19250,3
19252,3
19253,1
19257,0
19258,3
19265,1
19268,3
19270,0
19271,1
19276,3
19278,3
19282,2
19283,0
19286,2
19287,3
19289,2
19290,2
19293,3
19295,1
19297,2
19298,2
19299,1
19300,1
19302,0
19303,3
19304,0
19307,3
19309,0
19310,2
19312,2
19315,1
19316,1
19317,1
19322,3
19323,3
19324,3
19327,2
19328,1
19329,3
19331,3
19332,3
19333,3
19334,2
19335,2
19336,3
19338,3
19340,3
19344,1
19346,2
19351,3
19362,0
19363,0
19364,3
19380,0
